2,0,1,9,-,1,2,-,1,0, ,1,3,:,5,8,:,0,5
43.0,37.0,37.0,48.0,51.0,57.0,77.0,81.0,69.0,91.0,87.0,81.0,84.0,61.0,47.0,37.0,37.0,34.0,38.0,35.0,35.0,20.0,21.0,34.0,37.0,54.0,57.0,48.0,37.0,34.0,38.0,40.0,41.0,50.0,38.0,40.0,21.0,14.0,23.0,21.0,34.0,27.0,35.0,40.0,38.0,44.0,40.0,38.0,53.0,53.0
0.703480373983221,0.7190721775156406,0.7199648176799319,0.7201770799871775,0.7200282822273524,0.721020873845703,0.7193046435691283,0.7171598349411404,0.7148161698920166,0.7123982262896345,0.7103622009267013,0.7072672171639048,0.7042341414533889,0.701901368697886,0.7006645443626525,0.7004328693867805,0.7002592124953982,0.6997658274012669,0.6991034133384745,0.6985685394455733,0.6971034444941387,0.6953281200555363,0.693576110007517,0.6915902833287498,0.689866651913684,0.6873672438056351,0.6848147377527869,0.6824915181128925,0.6803842590745515,0.6784458089006749,0.6766233335873383,0.6748970705383289,0.6732803168015288,0.671770622988897,0.6703963985569572,0.6694937327921519,0.6690515616374951,0.6685702225042829,0.6682455572775299,0.6679524341270534,0.6679269325943038,0.6685815807786795,0.6688542796713967,0.6691424005846146,0.6694703324805674,0.6700621089877339,0.6717002966200322,0.6725912995088814,0.6734670329897605,0.6743117162998252
2,0,1,9,-,1,2,-,1,0, ,1,3,:,5,8,:,0,6
37.0,37.0,48.0,51.0,57.0,77.0,81.0,69.0,91.0,87.0,81.0,84.0,61.0,47.0,37.0,37.0,34.0,38.0,35.0,35.0,20.0,21.0,34.0,37.0,54.0,57.0,48.0,37.0,34.0,38.0,40.0,41.0,50.0,38.0,40.0,21.0,14.0,23.0,21.0,34.0,27.0,35.0,40.0,38.0,44.0,40.0,38.0,53.0,53.0,50.0
0.7190721775156406,0.7199648176799319,0.7201770799871775,0.7200282822273524,0.721020873845703,0.7193046435691283,0.7171598349411404,0.7148161698920166,0.7123982262896345,0.7103622009267013,0.7072672171639048,0.7042341414533889,0.701901368697886,0.7006645443626525,0.7004328693867805,0.7002592124953982,0.6997658274012669,0.6991034133384745,0.6985685394455733,0.6971034444941387,0.6953281200555363,0.693576110007517,0.6915902833287498,0.689866651913684,0.6873672438056351,0.6848147377527869,0.6824915181128925,0.6803842590745515,0.6784458089006749,0.6766233335873383,0.6748970705383289,0.6732803168015288,0.671770622988897,0.6703963985569572,0.6694937327921519,0.6690515616374951,0.6685702225042829,0.6682455572775299,0.6679524341270534,0.6679269325943038,0.6685815807786795,0.6688542796713967,0.6691424005846146,0.6694703324805674,0.6700621089877339,0.6717002966200322,0.6725912995088814,0.6734670329897605,0.6743117162998252,0.6753376551004808
2,0,1,9,-,1,2,-,1,0, ,1,3,:,5,8,:,0,7
37.0,48.0,51.0,57.0,77.0,81.0,69.0,91.0,87.0,81.0,84.0,61.0,47.0,37.0,37.0,34.0,38.0,35.0,35.0,20.0,21.0,34.0,37.0,54.0,57.0,48.0,37.0,34.0,38.0,40.0,41.0,50.0,38.0,40.0,21.0,14.0,23.0,21.0,34.0,27.0,35.0,40.0,38.0,44.0,40.0,38.0,53.0,53.0,50.0,51.0
0.7199648176799319,0.7201770799871775,0.7200282822273524,0.721020873845703,0.7193046435691283,0.7171598349411404,0.7148161698920166,0.7123982262896345,0.7103622009267013,0.7072672171639048,0.7042341414533889,0.701901368697886,0.7006645443626525,0.7004328693867805,0.7002592124953982,0.6997658274012669,0.6991034133384745,0.6985685394455733,0.6971034444941387,0.6953281200555363,0.693576110007517,0.6915902833287498,0.689866651913684,0.6873672438056351,0.6848147377527869,0.6824915181128925,0.6803842590745515,0.6784458089006749,0.6766233335873383,0.6748970705383289,0.6732803168015288,0.671770622988897,0.6703963985569572,0.6694937327921519,0.6690515616374951,0.6685702225042829,0.6682455572775299,0.6679524341270534,0.6679269325943038,0.6685815807786795,0.6688542796713967,0.6691424005846146,0.6694703324805674,0.6700621089877339,0.6717002966200322,0.6725912995088814,0.6734670329897605,0.6743117162998252,0.6753376551004808,0.676171758789513
2,0,1,9,-,1,2,-,1,0, ,1,3,:,5,8,:,0,7
37.0,48.0,51.0,57.0,77.0,81.0,69.0,91.0,87.0,81.0,84.0,61.0,47.0,37.0,37.0,34.0,38.0,35.0,35.0,20.0,21.0,34.0,37.0,54.0,57.0,48.0,37.0,34.0,38.0,40.0,41.0,50.0,38.0,40.0,21.0,14.0,23.0,21.0,34.0,27.0,35.0,40.0,38.0,44.0,40.0,38.0,53.0,53.0,50.0,51.0
0.7201770799871775,0.7200282822273524,0.721020873845703,0.7193046435691283,0.7171598349411404,0.7148161698920166,0.7123982262896345,0.7103622009267013,0.7072672171639048,0.7042341414533889,0.701901368697886,0.7006645443626525,0.7004328693867805,0.7002592124953982,0.6997658274012669,0.6991034133384745,0.6985685394455733,0.6971034444941387,0.6953281200555363,0.693576110007517,0.6915902833287498,0.689866651913684,0.6873672438056351,0.6848147377527869,0.6824915181128925,0.6803842590745515,0.6784458089006749,0.6766233335873383,0.6748970705383289,0.6732803168015288,0.671770622988897,0.6703963985569572,0.6694937327921519,0.6690515616374951,0.6685702225042829,0.6682455572775299,0.6679524341270534,0.6679269325943038,0.6685815807786795,0.6688542796713967,0.6691424005846146,0.6694703324805674,0.6700621089877339,0.6717002966200322,0.6725912995088814,0.6734670329897605,0.6743117162998252,0.6753376551004808,0.676171758789513,0.6769967272570315
2,0,1,9,-,1,2,-,1,0, ,1,3,:,5,8,:,0,8
48.0,51.0,57.0,77.0,81.0,69.0,91.0,87.0,81.0,84.0,61.0,47.0,37.0,37.0,34.0,38.0,35.0,35.0,20.0,21.0,34.0,37.0,54.0,57.0,48.0,37.0,34.0,38.0,40.0,41.0,50.0,38.0,40.0,21.0,14.0,23.0,21.0,34.0,27.0,35.0,40.0,38.0,44.0,40.0,38.0,53.0,53.0,50.0,51.0,44.0
0.7200282822273524,0.721020873845703,0.7193046435691283,0.7171598349411404,0.7148161698920166,0.7123982262896345,0.7103622009267013,0.7072672171639048,0.7042341414533889,0.701901368697886,0.7006645443626525,0.7004328693867805,0.7002592124953982,0.6997658274012669,0.6991034133384745,0.6985685394455733,0.6971034444941387,0.6953281200555363,0.693576110007517,0.6915902833287498,0.689866651913684,0.6873672438056351,0.6848147377527869,0.6824915181128925,0.6803842590745515,0.6784458089006749,0.6766233335873383,0.6748970705383289,0.6732803168015288,0.671770622988897,0.6703963985569572,0.6694937327921519,0.6690515616374951,0.6685702225042829,0.6682455572775299,0.6679524341270534,0.6679269325943038,0.6685815807786795,0.6688542796713967,0.6691424005846146,0.6694703324805674,0.6700621089877339,0.6717002966200322,0.6725912995088814,0.6734670329897605,0.6743117162998252,0.6753376551004808,0.676171758789513,0.6769967272570315,0.6777895806635762
2,0,1,9,-,1,2,-,1,0, ,1,3,:,5,8,:,0,9
51.0,57.0,77.0,81.0,69.0,91.0,87.0,81.0,84.0,61.0,47.0,37.0,37.0,34.0,38.0,35.0,35.0,20.0,21.0,34.0,37.0,54.0,57.0,48.0,37.0,34.0,38.0,40.0,41.0,50.0,38.0,40.0,21.0,14.0,23.0,21.0,34.0,27.0,35.0,40.0,38.0,44.0,40.0,38.0,53.0,53.0,50.0,51.0,44.0,50.0
0.721020873845703,0.7193046435691283,0.7171598349411404,0.7148161698920166,0.7123982262896345,0.7103622009267013,0.7072672171639048,0.7042341414533889,0.701901368697886,0.7006645443626525,0.7004328693867805,0.7002592124953982,0.6997658274012669,0.6991034133384745,0.6985685394455733,0.6971034444941387,0.6953281200555363,0.693576110007517,0.6915902833287498,0.689866651913684,0.6873672438056351,0.6848147377527869,0.6824915181128925,0.6803842590745515,0.6784458089006749,0.6766233335873383,0.6748970705383289,0.6732803168015288,0.671770622988897,0.6703963985569572,0.6694937327921519,0.6690515616374951,0.6685702225042829,0.6682455572775299,0.6679524341270534,0.6679269325943038,0.6685815807786795,0.6688542796713967,0.6691424005846146,0.6694703324805674,0.6700621089877339,0.6717002966200322,0.6725912995088814,0.6734670329897605,0.6743117162998252,0.6753376551004808,0.676171758789513,0.6769967272570315,0.6777895806635762,0.67861938724052
2,0,1,9,-,1,2,-,1,0, ,1,3,:,5,8,:,0,9
51.0,57.0,77.0,81.0,69.0,91.0,87.0,81.0,84.0,61.0,47.0,37.0,37.0,34.0,38.0,35.0,35.0,20.0,21.0,34.0,37.0,54.0,57.0,48.0,37.0,34.0,38.0,40.0,41.0,50.0,38.0,40.0,21.0,14.0,23.0,21.0,34.0,27.0,35.0,40.0,38.0,44.0,40.0,38.0,53.0,53.0,50.0,51.0,44.0,50.0
0.7193046435691283,0.7171598349411404,0.7148161698920166,0.7123982262896345,0.7103622009267013,0.7072672171639048,0.7042341414533889,0.701901368697886,0.7006645443626525,0.7004328693867805,0.7002592124953982,0.6997658274012669,0.6991034133384745,0.6985685394455733,0.6971034444941387,0.6953281200555363,0.693576110007517,0.6915902833287498,0.689866651913684,0.6873672438056351,0.6848147377527869,0.6824915181128925,0.6803842590745515,0.6784458089006749,0.6766233335873383,0.6748970705383289,0.6732803168015288,0.671770622988897,0.6703963985569572,0.6694937327921519,0.6690515616374951,0.6685702225042829,0.6682455572775299,0.6679524341270534,0.6679269325943038,0.6685815807786795,0.6688542796713967,0.6691424005846146,0.6694703324805674,0.6700621089877339,0.6717002966200322,0.6725912995088814,0.6734670329897605,0.6743117162998252,0.6753376551004808,0.676171758789513,0.6769967272570315,0.6777895806635762,0.67861938724052,0.6793408515360335
2,0,1,9,-,1,2,-,1,0, ,1,3,:,5,8,:,1,0
57.0,77.0,81.0,69.0,91.0,87.0,81.0,84.0,61.0,47.0,37.0,37.0,34.0,38.0,35.0,35.0,20.0,21.0,34.0,37.0,54.0,57.0,48.0,37.0,34.0,38.0,40.0,41.0,50.0,38.0,40.0,21.0,14.0,23.0,21.0,34.0,27.0,35.0,40.0,38.0,44.0,40.0,38.0,53.0,53.0,50.0,51.0,44.0,50.0,48.0
0.7171598349411404,0.7148161698920166,0.7123982262896345,0.7103622009267013,0.7072672171639048,0.7042341414533889,0.701901368697886,0.7006645443626525,0.7004328693867805,0.7002592124953982,0.6997658274012669,0.6991034133384745,0.6985685394455733,0.6971034444941387,0.6953281200555363,0.693576110007517,0.6915902833287498,0.689866651913684,0.6873672438056351,0.6848147377527869,0.6824915181128925,0.6803842590745515,0.6784458089006749,0.6766233335873383,0.6748970705383289,0.6732803168015288,0.671770622988897,0.6703963985569572,0.6694937327921519,0.6690515616374951,0.6685702225042829,0.6682455572775299,0.6679524341270534,0.6679269325943038,0.6685815807786795,0.6688542796713967,0.6691424005846146,0.6694703324805674,0.6700621089877339,0.6717002966200322,0.6725912995088814,0.6734670329897605,0.6743117162998252,0.6753376551004808,0.676171758789513,0.6769967272570315,0.6777895806635762,0.67861938724052,0.6793408515360335,0.6801413779623159
2,0,1,9,-,1,2,-,1,0, ,1,3,:,5,8,:,1,0
77.0,81.0,69.0,91.0,87.0,81.0,84.0,61.0,47.0,37.0,37.0,34.0,38.0,35.0,35.0,20.0,21.0,34.0,37.0,54.0,57.0,48.0,37.0,34.0,38.0,40.0,41.0,50.0,38.0,40.0,21.0,14.0,23.0,21.0,34.0,27.0,35.0,40.0,38.0,44.0,40.0,38.0,53.0,53.0,50.0,51.0,44.0,50.0,48.0,35.0
0.7148161698920166,0.7123982262896345,0.7103622009267013,0.7072672171639048,0.7042341414533889,0.701901368697886,0.7006645443626525,0.7004328693867805,0.7002592124953982,0.6997658274012669,0.6991034133384745,0.6985685394455733,0.6971034444941387,0.6953281200555363,0.693576110007517,0.6915902833287498,0.689866651913684,0.6873672438056351,0.6848147377527869,0.6824915181128925,0.6803842590745515,0.6784458089006749,0.6766233335873383,0.6748970705383289,0.6732803168015288,0.671770622988897,0.6703963985569572,0.6694937327921519,0.6690515616374951,0.6685702225042829,0.6682455572775299,0.6679524341270534,0.6679269325943038,0.6685815807786795,0.6688542796713967,0.6691424005846146,0.6694703324805674,0.6700621089877339,0.6717002966200322,0.6725912995088814,0.6734670329897605,0.6743117162998252,0.6753376551004808,0.676171758789513,0.6769967272570315,0.6777895806635762,0.67861938724052,0.6793408515360335,0.6801413779623159,0.6809489853933988
2,0,1,9,-,1,2,-,1,0, ,1,3,:,5,8,:,1,1
77.0,81.0,69.0,91.0,87.0,81.0,84.0,61.0,47.0,37.0,37.0,34.0,38.0,35.0,35.0,20.0,21.0,34.0,37.0,54.0,57.0,48.0,37.0,34.0,38.0,40.0,41.0,50.0,38.0,40.0,21.0,14.0,23.0,21.0,34.0,27.0,35.0,40.0,38.0,44.0,40.0,38.0,53.0,53.0,50.0,51.0,44.0,50.0,48.0,35.0
0.7123982262896345,0.7103622009267013,0.7072672171639048,0.7042341414533889,0.701901368697886,0.7006645443626525,0.7004328693867805,0.7002592124953982,0.6997658274012669,0.6991034133384745,0.6985685394455733,0.6971034444941387,0.6953281200555363,0.693576110007517,0.6915902833287498,0.689866651913684,0.6873672438056351,0.6848147377527869,0.6824915181128925,0.6803842590745515,0.6784458089006749,0.6766233335873383,0.6748970705383289,0.6732803168015288,0.671770622988897,0.6703963985569572,0.6694937327921519,0.6690515616374951,0.6685702225042829,0.6682455572775299,0.6679524341270534,0.6679269325943038,0.6685815807786795,0.6688542796713967,0.6691424005846146,0.6694703324805674,0.6700621089877339,0.6717002966200322,0.6725912995088814,0.6734670329897605,0.6743117162998252,0.6753376551004808,0.676171758789513,0.6769967272570315,0.6777895806635762,0.67861938724052,0.6793408515360335,0.6801413779623159,0.6809489853933988,0.681797736374943
2,0,1,9,-,1,2,-,1,0, ,1,3,:,5,8,:,1,2
81.0,69.0,91.0,87.0,81.0,84.0,61.0,47.0,37.0,37.0,34.0,38.0,35.0,35.0,20.0,21.0,34.0,37.0,54.0,57.0,48.0,37.0,34.0,38.0,40.0,41.0,50.0,38.0,40.0,21.0,14.0,23.0,21.0,34.0,27.0,35.0,40.0,38.0,44.0,40.0,38.0,53.0,53.0,50.0,51.0,44.0,50.0,48.0,35.0,26.0
0.7103622009267013,0.7072672171639048,0.7042341414533889,0.701901368697886,0.7006645443626525,0.7004328693867805,0.7002592124953982,0.6997658274012669,0.6991034133384745,0.6985685394455733,0.6971034444941387,0.6953281200555363,0.693576110007517,0.6915902833287498,0.689866651913684,0.6873672438056351,0.6848147377527869,0.6824915181128925,0.6803842590745515,0.6784458089006749,0.6766233335873383,0.6748970705383289,0.6732803168015288,0.671770622988897,0.6703963985569572,0.6694937327921519,0.6690515616374951,0.6685702225042829,0.6682455572775299,0.6679524341270534,0.6679269325943038,0.6685815807786795,0.6688542796713967,0.6691424005846146,0.6694703324805674,0.6700621089877339,0.6717002966200322,0.6725912995088814,0.6734670329897605,0.6743117162998252,0.6753376551004808,0.676171758789513,0.6769967272570315,0.6777895806635762,0.67861938724052,0.6793408515360335,0.6801413779623159,0.6809489853933988,0.681797736374943,0.6827506365768216
2,0,1,9,-,1,2,-,1,0, ,1,3,:,5,8,:,1,2
69.0,91.0,87.0,81.0,84.0,61.0,47.0,37.0,37.0,34.0,38.0,35.0,35.0,20.0,21.0,34.0,37.0,54.0,57.0,48.0,37.0,34.0,38.0,40.0,41.0,50.0,38.0,40.0,21.0,14.0,23.0,21.0,34.0,27.0,35.0,40.0,38.0,44.0,40.0,38.0,53.0,53.0,50.0,51.0,44.0,50.0,48.0,35.0,26.0,20.0
0.7072672171639048,0.7042341414533889,0.701901368697886,0.7006645443626525,0.7004328693867805,0.7002592124953982,0.6997658274012669,0.6991034133384745,0.6985685394455733,0.6971034444941387,0.6953281200555363,0.693576110007517,0.6915902833287498,0.689866651913684,0.6873672438056351,0.6848147377527869,0.6824915181128925,0.6803842590745515,0.6784458089006749,0.6766233335873383,0.6748970705383289,0.6732803168015288,0.671770622988897,0.6703963985569572,0.6694937327921519,0.6690515616374951,0.6685702225042829,0.6682455572775299,0.6679524341270534,0.6679269325943038,0.6685815807786795,0.6688542796713967,0.6691424005846146,0.6694703324805674,0.6700621089877339,0.6717002966200322,0.6725912995088814,0.6734670329897605,0.6743117162998252,0.6753376551004808,0.676171758789513,0.6769967272570315,0.6777895806635762,0.67861938724052,0.6793408515360335,0.6801413779623159,0.6809489853933988,0.681797736374943,0.6827506365768216,0.6837089855308688
2,0,1,9,-,1,2,-,1,0, ,1,3,:,5,8,:,1,3
69.0,91.0,87.0,81.0,84.0,61.0,47.0,37.0,37.0,34.0,38.0,35.0,35.0,20.0,21.0,34.0,37.0,54.0,57.0,48.0,37.0,34.0,38.0,40.0,41.0,50.0,38.0,40.0,21.0,14.0,23.0,21.0,34.0,27.0,35.0,40.0,38.0,44.0,40.0,38.0,53.0,53.0,50.0,51.0,44.0,50.0,48.0,35.0,26.0,20.0
0.7042341414533889,0.701901368697886,0.7006645443626525,0.7004328693867805,0.7002592124953982,0.6997658274012669,0.6991034133384745,0.6985685394455733,0.6971034444941387,0.6953281200555363,0.693576110007517,0.6915902833287498,0.689866651913684,0.6873672438056351,0.6848147377527869,0.6824915181128925,0.6803842590745515,0.6784458089006749,0.6766233335873383,0.6748970705383289,0.6732803168015288,0.671770622988897,0.6703963985569572,0.6694937327921519,0.6690515616374951,0.6685702225042829,0.6682455572775299,0.6679524341270534,0.6679269325943038,0.6685815807786795,0.6688542796713967,0.6691424005846146,0.6694703324805674,0.6700621089877339,0.6717002966200322,0.6725912995088814,0.6734670329897605,0.6743117162998252,0.6753376551004808,0.676171758789513,0.6769967272570315,0.6777895806635762,0.67861938724052,0.6793408515360335,0.6801413779623159,0.6809489853933988,0.681797736374943,0.6827506365768216,0.6837089855308688,0.684735156431405
2,0,1,9,-,1,2,-,1,0, ,1,3,:,5,8,:,1,4
91.0,87.0,81.0,84.0,61.0,47.0,37.0,37.0,34.0,38.0,35.0,35.0,20.0,21.0,34.0,37.0,54.0,57.0,48.0,37.0,34.0,38.0,40.0,41.0,50.0,38.0,40.0,21.0,14.0,23.0,21.0,34.0,27.0,35.0,40.0,38.0,44.0,40.0,38.0,53.0,53.0,50.0,51.0,44.0,50.0,48.0,35.0,26.0,20.0,3.0
0.701901368697886,0.7006645443626525,0.7004328693867805,0.7002592124953982,0.6997658274012669,0.6991034133384745,0.6985685394455733,0.6971034444941387,0.6953281200555363,0.693576110007517,0.6915902833287498,0.689866651913684,0.6873672438056351,0.6848147377527869,0.6824915181128925,0.6803842590745515,0.6784458089006749,0.6766233335873383,0.6748970705383289,0.6732803168015288,0.671770622988897,0.6703963985569572,0.6694937327921519,0.6690515616374951,0.6685702225042829,0.6682455572775299,0.6679524341270534,0.6679269325943038,0.6685815807786795,0.6688542796713967,0.6691424005846146,0.6694703324805674,0.6700621089877339,0.6717002966200322,0.6725912995088814,0.6734670329897605,0.6743117162998252,0.6753376551004808,0.676171758789513,0.6769967272570315,0.6777895806635762,0.67861938724052,0.6793408515360335,0.6801413779623159,0.6809489853933988,0.681797736374943,0.6827506365768216,0.6837089855308688,0.684735156431405,0.6858538352918829
2,0,1,9,-,1,2,-,1,0, ,1,3,:,5,8,:,1,4
91.0,87.0,81.0,84.0,61.0,47.0,37.0,37.0,34.0,38.0,35.0,35.0,20.0,21.0,34.0,37.0,54.0,57.0,48.0,37.0,34.0,38.0,40.0,41.0,50.0,38.0,40.0,21.0,14.0,23.0,21.0,34.0,27.0,35.0,40.0,38.0,44.0,40.0,38.0,53.0,53.0,50.0,51.0,44.0,50.0,48.0,35.0,26.0,20.0,3.0
0.7006645443626525,0.7004328693867805,0.7002592124953982,0.6997658274012669,0.6991034133384745,0.6985685394455733,0.6971034444941387,0.6953281200555363,0.693576110007517,0.6915902833287498,0.689866651913684,0.6873672438056351,0.6848147377527869,0.6824915181128925,0.6803842590745515,0.6784458089006749,0.6766233335873383,0.6748970705383289,0.6732803168015288,0.671770622988897,0.6703963985569572,0.6694937327921519,0.6690515616374951,0.6685702225042829,0.6682455572775299,0.6679524341270534,0.6679269325943038,0.6685815807786795,0.6688542796713967,0.6691424005846146,0.6694703324805674,0.6700621089877339,0.6717002966200322,0.6725912995088814,0.6734670329897605,0.6743117162998252,0.6753376551004808,0.676171758789513,0.6769967272570315,0.6777895806635762,0.67861938724052,0.6793408515360335,0.6801413779623159,0.6809489853933988,0.681797736374943,0.6827506365768216,0.6837089855308688,0.684735156431405,0.6858538352918829,0.6870771068993328
2,0,1,9,-,1,2,-,1,0, ,1,3,:,5,8,:,1,5
87.0,81.0,84.0,61.0,47.0,37.0,37.0,34.0,38.0,35.0,35.0,20.0,21.0,34.0,37.0,54.0,57.0,48.0,37.0,34.0,38.0,40.0,41.0,50.0,38.0,40.0,21.0,14.0,23.0,21.0,34.0,27.0,35.0,40.0,38.0,44.0,40.0,38.0,53.0,53.0,50.0,51.0,44.0,50.0,48.0,35.0,26.0,20.0,3.0,13.0
0.7004328693867805,0.7002592124953982,0.6997658274012669,0.6991034133384745,0.6985685394455733,0.6971034444941387,0.6953281200555363,0.693576110007517,0.6915902833287498,0.689866651913684,0.6873672438056351,0.6848147377527869,0.6824915181128925,0.6803842590745515,0.6784458089006749,0.6766233335873383,0.6748970705383289,0.6732803168015288,0.671770622988897,0.6703963985569572,0.6694937327921519,0.6690515616374951,0.6685702225042829,0.6682455572775299,0.6679524341270534,0.6679269325943038,0.6685815807786795,0.6688542796713967,0.6691424005846146,0.6694703324805674,0.6700621089877339,0.6717002966200322,0.6725912995088814,0.6734670329897605,0.6743117162998252,0.6753376551004808,0.676171758789513,0.6769967272570315,0.6777895806635762,0.67861938724052,0.6793408515360335,0.6801413779623159,0.6809489853933988,0.681797736374943,0.6827506365768216,0.6837089855308688,0.684735156431405,0.6858538352918829,0.6870771068993328,0.68830748323393
2,0,1,9,-,1,2,-,1,0, ,1,3,:,5,8,:,1,5
81.0,84.0,61.0,47.0,37.0,37.0,34.0,38.0,35.0,35.0,20.0,21.0,34.0,37.0,54.0,57.0,48.0,37.0,34.0,38.0,40.0,41.0,50.0,38.0,40.0,21.0,14.0,23.0,21.0,34.0,27.0,35.0,40.0,38.0,44.0,40.0,38.0,53.0,53.0,50.0,51.0,44.0,50.0,48.0,35.0,26.0,20.0,3.0,13.0,3.0
0.7002592124953982,0.6997658274012669,0.6991034133384745,0.6985685394455733,0.6971034444941387,0.6953281200555363,0.693576110007517,0.6915902833287498,0.689866651913684,0.6873672438056351,0.6848147377527869,0.6824915181128925,0.6803842590745515,0.6784458089006749,0.6766233335873383,0.6748970705383289,0.6732803168015288,0.671770622988897,0.6703963985569572,0.6694937327921519,0.6690515616374951,0.6685702225042829,0.6682455572775299,0.6679524341270534,0.6679269325943038,0.6685815807786795,0.6688542796713967,0.6691424005846146,0.6694703324805674,0.6700621089877339,0.6717002966200322,0.6725912995088814,0.6734670329897605,0.6743117162998252,0.6753376551004808,0.676171758789513,0.6769967272570315,0.6777895806635762,0.67861938724052,0.6793408515360335,0.6801413779623159,0.6809489853933988,0.681797736374943,0.6827506365768216,0.6837089855308688,0.684735156431405,0.6858538352918829,0.6870771068993328,0.68830748323393,0.6894742775305478
2,0,1,9,-,1,2,-,1,0, ,1,3,:,5,8,:,1,6
81.0,84.0,61.0,47.0,37.0,37.0,34.0,38.0,35.0,35.0,20.0,21.0,34.0,37.0,54.0,57.0,48.0,37.0,34.0,38.0,40.0,41.0,50.0,38.0,40.0,21.0,14.0,23.0,21.0,34.0,27.0,35.0,40.0,38.0,44.0,40.0,38.0,53.0,53.0,50.0,51.0,44.0,50.0,48.0,35.0,26.0,20.0,3.0,13.0,3.0
0.6997658274012669,0.6991034133384745,0.6985685394455733,0.6971034444941387,0.6953281200555363,0.693576110007517,0.6915902833287498,0.689866651913684,0.6873672438056351,0.6848147377527869,0.6824915181128925,0.6803842590745515,0.6784458089006749,0.6766233335873383,0.6748970705383289,0.6732803168015288,0.671770622988897,0.6703963985569572,0.6694937327921519,0.6690515616374951,0.6685702225042829,0.6682455572775299,0.6679524341270534,0.6679269325943038,0.6685815807786795,0.6688542796713967,0.6691424005846146,0.6694703324805674,0.6700621089877339,0.6717002966200322,0.6725912995088814,0.6734670329897605,0.6743117162998252,0.6753376551004808,0.676171758789513,0.6769967272570315,0.6777895806635762,0.67861938724052,0.6793408515360335,0.6801413779623159,0.6809489853933988,0.681797736374943,0.6827506365768216,0.6837089855308688,0.684735156431405,0.6858538352918829,0.6870771068993328,0.68830748323393,0.6894742775305478,0.6906355546800588
2,0,1,9,-,1,2,-,1,0, ,1,3,:,5,8,:,1,7
84.0,61.0,47.0,37.0,37.0,34.0,38.0,35.0,35.0,20.0,21.0,34.0,37.0,54.0,57.0,48.0,37.0,34.0,38.0,40.0,41.0,50.0,38.0,40.0,21.0,14.0,23.0,21.0,34.0,27.0,35.0,40.0,38.0,44.0,40.0,38.0,53.0,53.0,50.0,51.0,44.0,50.0,48.0,35.0,26.0,20.0,3.0,13.0,3.0,1.0
0.6991034133384745,0.6985685394455733,0.6971034444941387,0.6953281200555363,0.693576110007517,0.6915902833287498,0.689866651913684,0.6873672438056351,0.6848147377527869,0.6824915181128925,0.6803842590745515,0.6784458089006749,0.6766233335873383,0.6748970705383289,0.6732803168015288,0.671770622988897,0.6703963985569572,0.6694937327921519,0.6690515616374951,0.6685702225042829,0.6682455572775299,0.6679524341270534,0.6679269325943038,0.6685815807786795,0.6688542796713967,0.6691424005846146,0.6694703324805674,0.6700621089877339,0.6717002966200322,0.6725912995088814,0.6734670329897605,0.6743117162998252,0.6753376551004808,0.676171758789513,0.6769967272570315,0.6777895806635762,0.67861938724052,0.6793408515360335,0.6801413779623159,0.6809489853933988,0.681797736374943,0.6827506365768216,0.6837089855308688,0.684735156431405,0.6858538352918829,0.6870771068993328,0.68830748323393,0.6894742775305478,0.6906355546800588,0.6917399482243074
2,0,1,9,-,1,2,-,1,0, ,1,3,:,5,8,:,1,7
84.0,61.0,47.0,37.0,37.0,34.0,38.0,35.0,35.0,20.0,21.0,34.0,37.0,54.0,57.0,48.0,37.0,34.0,38.0,40.0,41.0,50.0,38.0,40.0,21.0,14.0,23.0,21.0,34.0,27.0,35.0,40.0,38.0,44.0,40.0,38.0,53.0,53.0,50.0,51.0,44.0,50.0,48.0,35.0,26.0,20.0,3.0,13.0,3.0,1.0
0.6985685394455733,0.6971034444941387,0.6953281200555363,0.693576110007517,0.6915902833287498,0.689866651913684,0.6873672438056351,0.6848147377527869,0.6824915181128925,0.6803842590745515,0.6784458089006749,0.6766233335873383,0.6748970705383289,0.6732803168015288,0.671770622988897,0.6703963985569572,0.6694937327921519,0.6690515616374951,0.6685702225042829,0.6682455572775299,0.6679524341270534,0.6679269325943038,0.6685815807786795,0.6688542796713967,0.6691424005846146,0.6694703324805674,0.6700621089877339,0.6717002966200322,0.6725912995088814,0.6734670329897605,0.6743117162998252,0.6753376551004808,0.676171758789513,0.6769967272570315,0.6777895806635762,0.67861938724052,0.6793408515360335,0.6801413779623159,0.6809489853933988,0.681797736374943,0.6827506365768216,0.6837089855308688,0.684735156431405,0.6858538352918829,0.6870771068993328,0.68830748323393,0.6894742775305478,0.6906355546800588,0.6917399482243074,0.6930452052794658
2,0,1,9,-,1,2,-,1,0, ,1,3,:,5,8,:,1,8
61.0,47.0,37.0,37.0,34.0,38.0,35.0,35.0,20.0,21.0,34.0,37.0,54.0,57.0,48.0,37.0,34.0,38.0,40.0,41.0,50.0,38.0,40.0,21.0,14.0,23.0,21.0,34.0,27.0,35.0,40.0,38.0,44.0,40.0,38.0,53.0,53.0,50.0,51.0,44.0,50.0,48.0,35.0,26.0,20.0,3.0,13.0,3.0,1.0,3.0
0.6971034444941387,0.6953281200555363,0.693576110007517,0.6915902833287498,0.689866651913684,0.6873672438056351,0.6848147377527869,0.6824915181128925,0.6803842590745515,0.6784458089006749,0.6766233335873383,0.6748970705383289,0.6732803168015288,0.671770622988897,0.6703963985569572,0.6694937327921519,0.6690515616374951,0.6685702225042829,0.6682455572775299,0.6679524341270534,0.6679269325943038,0.6685815807786795,0.6688542796713967,0.6691424005846146,0.6694703324805674,0.6700621089877339,0.6717002966200322,0.6725912995088814,0.6734670329897605,0.6743117162998252,0.6753376551004808,0.676171758789513,0.6769967272570315,0.6777895806635762,0.67861938724052,0.6793408515360335,0.6801413779623159,0.6809489853933988,0.681797736374943,0.6827506365768216,0.6837089855308688,0.684735156431405,0.6858538352918829,0.6870771068993328,0.68830748323393,0.6894742775305478,0.6906355546800588,0.6917399482243074,0.6930452052794658,0.6949586196920412
2,0,1,9,-,1,2,-,1,0, ,1,3,:,5,8,:,1,9
47.0,37.0,37.0,34.0,38.0,35.0,35.0,20.0,21.0,34.0,37.0,54.0,57.0,48.0,37.0,34.0,38.0,40.0,41.0,50.0,38.0,40.0,21.0,14.0,23.0,21.0,34.0,27.0,35.0,40.0,38.0,44.0,40.0,38.0,53.0,53.0,50.0,51.0,44.0,50.0,48.0,35.0,26.0,20.0,3.0,13.0,3.0,1.0,3.0,1.0
0.6953281200555363,0.693576110007517,0.6915902833287498,0.689866651913684,0.6873672438056351,0.6848147377527869,0.6824915181128925,0.6803842590745515,0.6784458089006749,0.6766233335873383,0.6748970705383289,0.6732803168015288,0.671770622988897,0.6703963985569572,0.6694937327921519,0.6690515616374951,0.6685702225042829,0.6682455572775299,0.6679524341270534,0.6679269325943038,0.6685815807786795,0.6688542796713967,0.6691424005846146,0.6694703324805674,0.6700621089877339,0.6717002966200322,0.6725912995088814,0.6734670329897605,0.6743117162998252,0.6753376551004808,0.676171758789513,0.6769967272570315,0.6777895806635762,0.67861938724052,0.6793408515360335,0.6801413779623159,0.6809489853933988,0.681797736374943,0.6827506365768216,0.6837089855308688,0.684735156431405,0.6858538352918829,0.6870771068993328,0.68830748323393,0.6894742775305478,0.6906355546800588,0.6917399482243074,0.6930452052794658,0.6949586196920412,0.6963390172731914
2,0,1,9,-,1,2,-,1,0, ,1,3,:,5,8,:,1,9
47.0,37.0,37.0,34.0,38.0,35.0,35.0,20.0,21.0,34.0,37.0,54.0,57.0,48.0,37.0,34.0,38.0,40.0,41.0,50.0,38.0,40.0,21.0,14.0,23.0,21.0,34.0,27.0,35.0,40.0,38.0,44.0,40.0,38.0,53.0,53.0,50.0,51.0,44.0,50.0,48.0,35.0,26.0,20.0,3.0,13.0,3.0,1.0,3.0,1.0
0.693576110007517,0.6915902833287498,0.689866651913684,0.6873672438056351,0.6848147377527869,0.6824915181128925,0.6803842590745515,0.6784458089006749,0.6766233335873383,0.6748970705383289,0.6732803168015288,0.671770622988897,0.6703963985569572,0.6694937327921519,0.6690515616374951,0.6685702225042829,0.6682455572775299,0.6679524341270534,0.6679269325943038,0.6685815807786795,0.6688542796713967,0.6691424005846146,0.6694703324805674,0.6700621089877339,0.6717002966200322,0.6725912995088814,0.6734670329897605,0.6743117162998252,0.6753376551004808,0.676171758789513,0.6769967272570315,0.6777895806635762,0.67861938724052,0.6793408515360335,0.6801413779623159,0.6809489853933988,0.681797736374943,0.6827506365768216,0.6837089855308688,0.684735156431405,0.6858538352918829,0.6870771068993328,0.68830748323393,0.6894742775305478,0.6906355546800588,0.6917399482243074,0.6930452052794658,0.6949586196920412,0.6963390172731914,0.6976461202083476
2,0,1,9,-,1,2,-,1,0, ,1,3,:,5,8,:,2,0
37.0,37.0,34.0,38.0,35.0,35.0,20.0,21.0,34.0,37.0,54.0,57.0,48.0,37.0,34.0,38.0,40.0,41.0,50.0,38.0,40.0,21.0,14.0,23.0,21.0,34.0,27.0,35.0,40.0,38.0,44.0,40.0,38.0,53.0,53.0,50.0,51.0,44.0,50.0,48.0,35.0,26.0,20.0,3.0,13.0,3.0,1.0,3.0,1.0,11.0
0.6915902833287498,0.689866651913684,0.6873672438056351,0.6848147377527869,0.6824915181128925,0.6803842590745515,0.6784458089006749,0.6766233335873383,0.6748970705383289,0.6732803168015288,0.671770622988897,0.6703963985569572,0.6694937327921519,0.6690515616374951,0.6685702225042829,0.6682455572775299,0.6679524341270534,0.6679269325943038,0.6685815807786795,0.6688542796713967,0.6691424005846146,0.6694703324805674,0.6700621089877339,0.6717002966200322,0.6725912995088814,0.6734670329897605,0.6743117162998252,0.6753376551004808,0.676171758789513,0.6769967272570315,0.6777895806635762,0.67861938724052,0.6793408515360335,0.6801413779623159,0.6809489853933988,0.681797736374943,0.6827506365768216,0.6837089855308688,0.684735156431405,0.6858538352918829,0.6870771068993328,0.68830748323393,0.6894742775305478,0.6906355546800588,0.6917399482243074,0.6930452052794658,0.6949586196920412,0.6963390172731914,0.6976461202083476,0.6989181376608936
2,0,1,9,-,1,2,-,1,0, ,1,3,:,5,8,:,2,0
37.0,34.0,38.0,35.0,35.0,20.0,21.0,34.0,37.0,54.0,57.0,48.0,37.0,34.0,38.0,40.0,41.0,50.0,38.0,40.0,21.0,14.0,23.0,21.0,34.0,27.0,35.0,40.0,38.0,44.0,40.0,38.0,53.0,53.0,50.0,51.0,44.0,50.0,48.0,35.0,26.0,20.0,3.0,13.0,3.0,1.0,3.0,1.0,11.0,16.0
0.689866651913684,0.6873672438056351,0.6848147377527869,0.6824915181128925,0.6803842590745515,0.6784458089006749,0.6766233335873383,0.6748970705383289,0.6732803168015288,0.671770622988897,0.6703963985569572,0.6694937327921519,0.6690515616374951,0.6685702225042829,0.6682455572775299,0.6679524341270534,0.6679269325943038,0.6685815807786795,0.6688542796713967,0.6691424005846146,0.6694703324805674,0.6700621089877339,0.6717002966200322,0.6725912995088814,0.6734670329897605,0.6743117162998252,0.6753376551004808,0.676171758789513,0.6769967272570315,0.6777895806635762,0.67861938724052,0.6793408515360335,0.6801413779623159,0.6809489853933988,0.681797736374943,0.6827506365768216,0.6837089855308688,0.684735156431405,0.6858538352918829,0.6870771068993328,0.68830748323393,0.6894742775305478,0.6906355546800588,0.6917399482243074,0.6930452052794658,0.6949586196920412,0.6963390172731914,0.6976461202083476,0.6989181376608936,0.7003529266698959
2,0,1,9,-,1,2,-,1,0, ,1,3,:,5,8,:,2,1
37.0,34.0,38.0,35.0,35.0,20.0,21.0,34.0,37.0,54.0,57.0,48.0,37.0,34.0,38.0,40.0,41.0,50.0,38.0,40.0,21.0,14.0,23.0,21.0,34.0,27.0,35.0,40.0,38.0,44.0,40.0,38.0,53.0,53.0,50.0,51.0,44.0,50.0,48.0,35.0,26.0,20.0,3.0,13.0,3.0,1.0,3.0,1.0,11.0,16.0
0.6873672438056351,0.6848147377527869,0.6824915181128925,0.6803842590745515,0.6784458089006749,0.6766233335873383,0.6748970705383289,0.6732803168015288,0.671770622988897,0.6703963985569572,0.6694937327921519,0.6690515616374951,0.6685702225042829,0.6682455572775299,0.6679524341270534,0.6679269325943038,0.6685815807786795,0.6688542796713967,0.6691424005846146,0.6694703324805674,0.6700621089877339,0.6717002966200322,0.6725912995088814,0.6734670329897605,0.6743117162998252,0.6753376551004808,0.676171758789513,0.6769967272570315,0.6777895806635762,0.67861938724052,0.6793408515360335,0.6801413779623159,0.6809489853933988,0.681797736374943,0.6827506365768216,0.6837089855308688,0.684735156431405,0.6858538352918829,0.6870771068993328,0.68830748323393,0.6894742775305478,0.6906355546800588,0.6917399482243074,0.6930452052794658,0.6949586196920412,0.6963390172731914,0.6976461202083476,0.6989181376608936,0.7003529266698959,0.702007962200685
2,0,1,9,-,1,2,-,1,0, ,1,3,:,5,8,:,2,2
34.0,38.0,35.0,35.0,20.0,21.0,34.0,37.0,54.0,57.0,48.0,37.0,34.0,38.0,40.0,41.0,50.0,38.0,40.0,21.0,14.0,23.0,21.0,34.0,27.0,35.0,40.0,38.0,44.0,40.0,38.0,53.0,53.0,50.0,51.0,44.0,50.0,48.0,35.0,26.0,20.0,3.0,13.0,3.0,1.0,3.0,1.0,11.0,16.0,16.0
0.6848147377527869,0.6824915181128925,0.6803842590745515,0.6784458089006749,0.6766233335873383,0.6748970705383289,0.6732803168015288,0.671770622988897,0.6703963985569572,0.6694937327921519,0.6690515616374951,0.6685702225042829,0.6682455572775299,0.6679524341270534,0.6679269325943038,0.6685815807786795,0.6688542796713967,0.6691424005846146,0.6694703324805674,0.6700621089877339,0.6717002966200322,0.6725912995088814,0.6734670329897605,0.6743117162998252,0.6753376551004808,0.676171758789513,0.6769967272570315,0.6777895806635762,0.67861938724052,0.6793408515360335,0.6801413779623159,0.6809489853933988,0.681797736374943,0.6827506365768216,0.6837089855308688,0.684735156431405,0.6858538352918829,0.6870771068993328,0.68830748323393,0.6894742775305478,0.6906355546800588,0.6917399482243074,0.6930452052794658,0.6949586196920412,0.6963390172731914,0.6976461202083476,0.6989181376608936,0.7003529266698959,0.702007962200685,0.703605217453802
2,0,1,9,-,1,2,-,1,0, ,1,3,:,5,8,:,2,2
38.0,35.0,35.0,20.0,21.0,34.0,37.0,54.0,57.0,48.0,37.0,34.0,38.0,40.0,41.0,50.0,38.0,40.0,21.0,14.0,23.0,21.0,34.0,27.0,35.0,40.0,38.0,44.0,40.0,38.0,53.0,53.0,50.0,51.0,44.0,50.0,48.0,35.0,26.0,20.0,3.0,13.0,3.0,1.0,3.0,1.0,11.0,16.0,16.0,17.0
0.6824915181128925,0.6803842590745515,0.6784458089006749,0.6766233335873383,0.6748970705383289,0.6732803168015288,0.671770622988897,0.6703963985569572,0.6694937327921519,0.6690515616374951,0.6685702225042829,0.6682455572775299,0.6679524341270534,0.6679269325943038,0.6685815807786795,0.6688542796713967,0.6691424005846146,0.6694703324805674,0.6700621089877339,0.6717002966200322,0.6725912995088814,0.6734670329897605,0.6743117162998252,0.6753376551004808,0.676171758789513,0.6769967272570315,0.6777895806635762,0.67861938724052,0.6793408515360335,0.6801413779623159,0.6809489853933988,0.681797736374943,0.6827506365768216,0.6837089855308688,0.684735156431405,0.6858538352918829,0.6870771068993328,0.68830748323393,0.6894742775305478,0.6906355546800588,0.6917399482243074,0.6930452052794658,0.6949586196920412,0.6963390172731914,0.6976461202083476,0.6989181376608936,0.7003529266698959,0.702007962200685,0.703605217453802,0.7052467422555865
2,0,1,9,-,1,2,-,1,0, ,1,3,:,5,8,:,2,3
38.0,35.0,35.0,20.0,21.0,34.0,37.0,54.0,57.0,48.0,37.0,34.0,38.0,40.0,41.0,50.0,38.0,40.0,21.0,14.0,23.0,21.0,34.0,27.0,35.0,40.0,38.0,44.0,40.0,38.0,53.0,53.0,50.0,51.0,44.0,50.0,48.0,35.0,26.0,20.0,3.0,13.0,3.0,1.0,3.0,1.0,11.0,16.0,16.0,17.0
0.6803842590745515,0.6784458089006749,0.6766233335873383,0.6748970705383289,0.6732803168015288,0.671770622988897,0.6703963985569572,0.6694937327921519,0.6690515616374951,0.6685702225042829,0.6682455572775299,0.6679524341270534,0.6679269325943038,0.6685815807786795,0.6688542796713967,0.6691424005846146,0.6694703324805674,0.6700621089877339,0.6717002966200322,0.6725912995088814,0.6734670329897605,0.6743117162998252,0.6753376551004808,0.676171758789513,0.6769967272570315,0.6777895806635762,0.67861938724052,0.6793408515360335,0.6801413779623159,0.6809489853933988,0.681797736374943,0.6827506365768216,0.6837089855308688,0.684735156431405,0.6858538352918829,0.6870771068993328,0.68830748323393,0.6894742775305478,0.6906355546800588,0.6917399482243074,0.6930452052794658,0.6949586196920412,0.6963390172731914,0.6976461202083476,0.6989181376608936,0.7003529266698959,0.702007962200685,0.703605217453802,0.7052467422555865,0.7069531948306175
2,0,1,9,-,1,2,-,1,0, ,1,3,:,5,8,:,2,3
35.0,35.0,20.0,21.0,34.0,37.0,54.0,57.0,48.0,37.0,34.0,38.0,40.0,41.0,50.0,38.0,40.0,21.0,14.0,23.0,21.0,34.0,27.0,35.0,40.0,38.0,44.0,40.0,38.0,53.0,53.0,50.0,51.0,44.0,50.0,48.0,35.0,26.0,20.0,3.0,13.0,3.0,1.0,3.0,1.0,11.0,16.0,16.0,17.0,29.0
0.6784458089006749,0.6766233335873383,0.6748970705383289,0.6732803168015288,0.671770622988897,0.6703963985569572,0.6694937327921519,0.6690515616374951,0.6685702225042829,0.6682455572775299,0.6679524341270534,0.6679269325943038,0.6685815807786795,0.6688542796713967,0.6691424005846146,0.6694703324805674,0.6700621089877339,0.6717002966200322,0.6725912995088814,0.6734670329897605,0.6743117162998252,0.6753376551004808,0.676171758789513,0.6769967272570315,0.6777895806635762,0.67861938724052,0.6793408515360335,0.6801413779623159,0.6809489853933988,0.681797736374943,0.6827506365768216,0.6837089855308688,0.684735156431405,0.6858538352918829,0.6870771068993328,0.68830748323393,0.6894742775305478,0.6906355546800588,0.6917399482243074,0.6930452052794658,0.6949586196920412,0.6963390172731914,0.6976461202083476,0.6989181376608936,0.7003529266698959,0.702007962200685,0.703605217453802,0.7052467422555865,0.7069531948306175,0.708718363752884
2,0,1,9,-,1,2,-,1,0, ,1,3,:,5,8,:,2,4
35.0,35.0,20.0,21.0,34.0,37.0,54.0,57.0,48.0,37.0,34.0,38.0,40.0,41.0,50.0,38.0,40.0,21.0,14.0,23.0,21.0,34.0,27.0,35.0,40.0,38.0,44.0,40.0,38.0,53.0,53.0,50.0,51.0,44.0,50.0,48.0,35.0,26.0,20.0,3.0,13.0,3.0,1.0,3.0,1.0,11.0,16.0,16.0,17.0,29.0
0.6766233335873383,0.6748970705383289,0.6732803168015288,0.671770622988897,0.6703963985569572,0.6694937327921519,0.6690515616374951,0.6685702225042829,0.6682455572775299,0.6679524341270534,0.6679269325943038,0.6685815807786795,0.6688542796713967,0.6691424005846146,0.6694703324805674,0.6700621089877339,0.6717002966200322,0.6725912995088814,0.6734670329897605,0.6743117162998252,0.6753376551004808,0.676171758789513,0.6769967272570315,0.6777895806635762,0.67861938724052,0.6793408515360335,0.6801413779623159,0.6809489853933988,0.681797736374943,0.6827506365768216,0.6837089855308688,0.684735156431405,0.6858538352918829,0.6870771068993328,0.68830748323393,0.6894742775305478,0.6906355546800588,0.6917399482243074,0.6930452052794658,0.6949586196920412,0.6963390172731914,0.6976461202083476,0.6989181376608936,0.7003529266698959,0.702007962200685,0.703605217453802,0.7052467422555865,0.7069531948306175,0.708718363752884,0.7105704306918732
2,0,1,9,-,1,2,-,1,0, ,1,3,:,5,8,:,2,5
35.0,20.0,21.0,34.0,37.0,54.0,57.0,48.0,37.0,34.0,38.0,40.0,41.0,50.0,38.0,40.0,21.0,14.0,23.0,21.0,34.0,27.0,35.0,40.0,38.0,44.0,40.0,38.0,53.0,53.0,50.0,51.0,44.0,50.0,48.0,35.0,26.0,20.0,3.0,13.0,3.0,1.0,3.0,1.0,11.0,16.0,16.0,17.0,29.0,44.0
0.6748970705383289,0.6732803168015288,0.671770622988897,0.6703963985569572,0.6694937327921519,0.6690515616374951,0.6685702225042829,0.6682455572775299,0.6679524341270534,0.6679269325943038,0.6685815807786795,0.6688542796713967,0.6691424005846146,0.6694703324805674,0.6700621089877339,0.6717002966200322,0.6725912995088814,0.6734670329897605,0.6743117162998252,0.6753376551004808,0.676171758789513,0.6769967272570315,0.6777895806635762,0.67861938724052,0.6793408515360335,0.6801413779623159,0.6809489853933988,0.681797736374943,0.6827506365768216,0.6837089855308688,0.684735156431405,0.6858538352918829,0.6870771068993328,0.68830748323393,0.6894742775305478,0.6906355546800588,0.6917399482243074,0.6930452052794658,0.6949586196920412,0.6963390172731914,0.6976461202083476,0.6989181376608936,0.7003529266698959,0.702007962200685,0.703605217453802,0.7052467422555865,0.7069531948306175,0.708718363752884,0.7105704306918732,0.7124957614840479
2,0,1,9,-,1,2,-,1,0, ,1,3,:,5,8,:,2,6
20.0,21.0,34.0,37.0,54.0,57.0,48.0,37.0,34.0,38.0,40.0,41.0,50.0,38.0,40.0,21.0,14.0,23.0,21.0,34.0,27.0,35.0,40.0,38.0,44.0,40.0,38.0,53.0,53.0,50.0,51.0,44.0,50.0,48.0,35.0,26.0,20.0,3.0,13.0,3.0,1.0,3.0,1.0,11.0,16.0,16.0,17.0,29.0,44.0,57.0
0.6732803168015288,0.671770622988897,0.6703963985569572,0.6694937327921519,0.6690515616374951,0.6685702225042829,0.6682455572775299,0.6679524341270534,0.6679269325943038,0.6685815807786795,0.6688542796713967,0.6691424005846146,0.6694703324805674,0.6700621089877339,0.6717002966200322,0.6725912995088814,0.6734670329897605,0.6743117162998252,0.6753376551004808,0.676171758789513,0.6769967272570315,0.6777895806635762,0.67861938724052,0.6793408515360335,0.6801413779623159,0.6809489853933988,0.681797736374943,0.6827506365768216,0.6837089855308688,0.684735156431405,0.6858538352918829,0.6870771068993328,0.68830748323393,0.6894742775305478,0.6906355546800588,0.6917399482243074,0.6930452052794658,0.6949586196920412,0.6963390172731914,0.6976461202083476,0.6989181376608936,0.7003529266698959,0.702007962200685,0.703605217453802,0.7052467422555865,0.7069531948306175,0.708718363752884,0.7105704306918732,0.7124957614840479,0.7143907742470517
2,0,1,9,-,1,2,-,1,0, ,1,3,:,5,8,:,2,7
21.0,34.0,37.0,54.0,57.0,48.0,37.0,34.0,38.0,40.0,41.0,50.0,38.0,40.0,21.0,14.0,23.0,21.0,34.0,27.0,35.0,40.0,38.0,44.0,40.0,38.0,53.0,53.0,50.0,51.0,44.0,50.0,48.0,35.0,26.0,20.0,3.0,13.0,3.0,1.0,3.0,1.0,11.0,16.0,16.0,17.0,29.0,44.0,57.0,51.0
0.671770622988897,0.6703963985569572,0.6694937327921519,0.6690515616374951,0.6685702225042829,0.6682455572775299,0.6679524341270534,0.6679269325943038,0.6685815807786795,0.6688542796713967,0.6691424005846146,0.6694703324805674,0.6700621089877339,0.6717002966200322,0.6725912995088814,0.6734670329897605,0.6743117162998252,0.6753376551004808,0.676171758789513,0.6769967272570315,0.6777895806635762,0.67861938724052,0.6793408515360335,0.6801413779623159,0.6809489853933988,0.681797736374943,0.6827506365768216,0.6837089855308688,0.684735156431405,0.6858538352918829,0.6870771068993328,0.68830748323393,0.6894742775305478,0.6906355546800588,0.6917399482243074,0.6930452052794658,0.6949586196920412,0.6963390172731914,0.6976461202083476,0.6989181376608936,0.7003529266698959,0.702007962200685,0.703605217453802,0.7052467422555865,0.7069531948306175,0.708718363752884,0.7105704306918732,0.7124957614840479,0.7143907742470517,0.7162748820578787
2,0,1,9,-,1,2,-,1,0, ,1,3,:,5,8,:,2,7
21.0,34.0,37.0,54.0,57.0,48.0,37.0,34.0,38.0,40.0,41.0,50.0,38.0,40.0,21.0,14.0,23.0,21.0,34.0,27.0,35.0,40.0,38.0,44.0,40.0,38.0,53.0,53.0,50.0,51.0,44.0,50.0,48.0,35.0,26.0,20.0,3.0,13.0,3.0,1.0,3.0,1.0,11.0,16.0,16.0,17.0,29.0,44.0,57.0,51.0
0.6703963985569572,0.6694937327921519,0.6690515616374951,0.6685702225042829,0.6682455572775299,0.6679524341270534,0.6679269325943038,0.6685815807786795,0.6688542796713967,0.6691424005846146,0.6694703324805674,0.6700621089877339,0.6717002966200322,0.6725912995088814,0.6734670329897605,0.6743117162998252,0.6753376551004808,0.676171758789513,0.6769967272570315,0.6777895806635762,0.67861938724052,0.6793408515360335,0.6801413779623159,0.6809489853933988,0.681797736374943,0.6827506365768216,0.6837089855308688,0.684735156431405,0.6858538352918829,0.6870771068993328,0.68830748323393,0.6894742775305478,0.6906355546800588,0.6917399482243074,0.6930452052794658,0.6949586196920412,0.6963390172731914,0.6976461202083476,0.6989181376608936,0.7003529266698959,0.702007962200685,0.703605217453802,0.7052467422555865,0.7069531948306175,0.708718363752884,0.7105704306918732,0.7124957614840479,0.7143907742470517,0.7162748820578787,0.7181874366740064
2,0,1,9,-,1,2,-,1,0, ,1,3,:,5,8,:,2,8
34.0,37.0,54.0,57.0,48.0,37.0,34.0,38.0,40.0,41.0,50.0,38.0,40.0,21.0,14.0,23.0,21.0,34.0,27.0,35.0,40.0,38.0,44.0,40.0,38.0,53.0,53.0,50.0,51.0,44.0,50.0,48.0,35.0,26.0,20.0,3.0,13.0,3.0,1.0,3.0,1.0,11.0,16.0,16.0,17.0,29.0,44.0,57.0,51.0,30.0
0.6694937327921519,0.6690515616374951,0.6685702225042829,0.6682455572775299,0.6679524341270534,0.6679269325943038,0.6685815807786795,0.6688542796713967,0.6691424005846146,0.6694703324805674,0.6700621089877339,0.6717002966200322,0.6725912995088814,0.6734670329897605,0.6743117162998252,0.6753376551004808,0.676171758789513,0.6769967272570315,0.6777895806635762,0.67861938724052,0.6793408515360335,0.6801413779623159,0.6809489853933988,0.681797736374943,0.6827506365768216,0.6837089855308688,0.684735156431405,0.6858538352918829,0.6870771068993328,0.68830748323393,0.6894742775305478,0.6906355546800588,0.6917399482243074,0.6930452052794658,0.6949586196920412,0.6963390172731914,0.6976461202083476,0.6989181376608936,0.7003529266698959,0.702007962200685,0.703605217453802,0.7052467422555865,0.7069531948306175,0.708718363752884,0.7105704306918732,0.7124957614840479,0.7143907742470517,0.7162748820578787,0.7181874366740064,0.7200510185749621
2,0,1,9,-,1,2,-,1,0, ,1,3,:,5,8,:,2,9
37.0,54.0,57.0,48.0,37.0,34.0,38.0,40.0,41.0,50.0,38.0,40.0,21.0,14.0,23.0,21.0,34.0,27.0,35.0,40.0,38.0,44.0,40.0,38.0,53.0,53.0,50.0,51.0,44.0,50.0,48.0,35.0,26.0,20.0,3.0,13.0,3.0,1.0,3.0,1.0,11.0,16.0,16.0,17.0,29.0,44.0,57.0,51.0,30.0,27.0
0.6690515616374951,0.6685702225042829,0.6682455572775299,0.6679524341270534,0.6679269325943038,0.6685815807786795,0.6688542796713967,0.6691424005846146,0.6694703324805674,0.6700621089877339,0.6717002966200322,0.6725912995088814,0.6734670329897605,0.6743117162998252,0.6753376551004808,0.676171758789513,0.6769967272570315,0.6777895806635762,0.67861938724052,0.6793408515360335,0.6801413779623159,0.6809489853933988,0.681797736374943,0.6827506365768216,0.6837089855308688,0.684735156431405,0.6858538352918829,0.6870771068993328,0.68830748323393,0.6894742775305478,0.6906355546800588,0.6917399482243074,0.6930452052794658,0.6949586196920412,0.6963390172731914,0.6976461202083476,0.6989181376608936,0.7003529266698959,0.702007962200685,0.703605217453802,0.7052467422555865,0.7069531948306175,0.708718363752884,0.7105704306918732,0.7124957614840479,0.7143907742470517,0.7162748820578787,0.7181874366740064,0.7200510185749621,0.7215416271883274
2,0,1,9,-,1,2,-,1,0, ,1,3,:,5,8,:,2,9
37.0,54.0,57.0,48.0,37.0,34.0,38.0,40.0,41.0,50.0,38.0,40.0,21.0,14.0,23.0,21.0,34.0,27.0,35.0,40.0,38.0,44.0,40.0,38.0,53.0,53.0,50.0,51.0,44.0,50.0,48.0,35.0,26.0,20.0,3.0,13.0,3.0,1.0,3.0,1.0,11.0,16.0,16.0,17.0,29.0,44.0,57.0,51.0,30.0,27.0
0.6685702225042829,0.6682455572775299,0.6679524341270534,0.6679269325943038,0.6685815807786795,0.6688542796713967,0.6691424005846146,0.6694703324805674,0.6700621089877339,0.6717002966200322,0.6725912995088814,0.6734670329897605,0.6743117162998252,0.6753376551004808,0.676171758789513,0.6769967272570315,0.6777895806635762,0.67861938724052,0.6793408515360335,0.6801413779623159,0.6809489853933988,0.681797736374943,0.6827506365768216,0.6837089855308688,0.684735156431405,0.6858538352918829,0.6870771068993328,0.68830748323393,0.6894742775305478,0.6906355546800588,0.6917399482243074,0.6930452052794658,0.6949586196920412,0.6963390172731914,0.6976461202083476,0.6989181376608936,0.7003529266698959,0.702007962200685,0.703605217453802,0.7052467422555865,0.7069531948306175,0.708718363752884,0.7105704306918732,0.7124957614840479,0.7143907742470517,0.7162748820578787,0.7181874366740064,0.7200510185749621,0.7215416271883274,0.7227334910275258
2,0,1,9,-,1,2,-,1,0, ,1,3,:,5,8,:,3,0
54.0,57.0,48.0,37.0,34.0,38.0,40.0,41.0,50.0,38.0,40.0,21.0,14.0,23.0,21.0,34.0,27.0,35.0,40.0,38.0,44.0,40.0,38.0,53.0,53.0,50.0,51.0,44.0,50.0,48.0,35.0,26.0,20.0,3.0,13.0,3.0,1.0,3.0,1.0,11.0,16.0,16.0,17.0,29.0,44.0,57.0,51.0,30.0,27.0,13.0
0.6682455572775299,0.6679524341270534,0.6679269325943038,0.6685815807786795,0.6688542796713967,0.6691424005846146,0.6694703324805674,0.6700621089877339,0.6717002966200322,0.6725912995088814,0.6734670329897605,0.6743117162998252,0.6753376551004808,0.676171758789513,0.6769967272570315,0.6777895806635762,0.67861938724052,0.6793408515360335,0.6801413779623159,0.6809489853933988,0.681797736374943,0.6827506365768216,0.6837089855308688,0.684735156431405,0.6858538352918829,0.6870771068993328,0.68830748323393,0.6894742775305478,0.6906355546800588,0.6917399482243074,0.6930452052794658,0.6949586196920412,0.6963390172731914,0.6976461202083476,0.6989181376608936,0.7003529266698959,0.702007962200685,0.703605217453802,0.7052467422555865,0.7069531948306175,0.708718363752884,0.7105704306918732,0.7124957614840479,0.7143907742470517,0.7162748820578787,0.7181874366740064,0.7200510185749621,0.7215416271883274,0.7227334910275258,0.7238073978690268
2,0,1,9,-,1,2,-,1,0, ,1,3,:,5,8,:,3,1
57.0,48.0,37.0,34.0,38.0,40.0,41.0,50.0,38.0,40.0,21.0,14.0,23.0,21.0,34.0,27.0,35.0,40.0,38.0,44.0,40.0,38.0,53.0,53.0,50.0,51.0,44.0,50.0,48.0,35.0,26.0,20.0,3.0,13.0,3.0,1.0,3.0,1.0,11.0,16.0,16.0,17.0,29.0,44.0,57.0,51.0,30.0,27.0,13.0,23.0
0.6679524341270534,0.6679269325943038,0.6685815807786795,0.6688542796713967,0.6691424005846146,0.6694703324805674,0.6700621089877339,0.6717002966200322,0.6725912995088814,0.6734670329897605,0.6743117162998252,0.6753376551004808,0.676171758789513,0.6769967272570315,0.6777895806635762,0.67861938724052,0.6793408515360335,0.6801413779623159,0.6809489853933988,0.681797736374943,0.6827506365768216,0.6837089855308688,0.684735156431405,0.6858538352918829,0.6870771068993328,0.68830748323393,0.6894742775305478,0.6906355546800588,0.6917399482243074,0.6930452052794658,0.6949586196920412,0.6963390172731914,0.6976461202083476,0.6989181376608936,0.7003529266698959,0.702007962200685,0.703605217453802,0.7052467422555865,0.7069531948306175,0.708718363752884,0.7105704306918732,0.7124957614840479,0.7143907742470517,0.7162748820578787,0.7181874366740064,0.7200510185749621,0.7215416271883274,0.7227334910275258,0.7238073978690268,0.7247286283609233
2,0,1,9,-,1,2,-,1,0, ,1,3,:,5,8,:,3,2
48.0,37.0,34.0,38.0,40.0,41.0,50.0,38.0,40.0,21.0,14.0,23.0,21.0,34.0,27.0,35.0,40.0,38.0,44.0,40.0,38.0,53.0,53.0,50.0,51.0,44.0,50.0,48.0,35.0,26.0,20.0,3.0,13.0,3.0,1.0,3.0,1.0,11.0,16.0,16.0,17.0,29.0,44.0,57.0,51.0,30.0,27.0,13.0,23.0,35.0
0.6679269325943038,0.6685815807786795,0.6688542796713967,0.6691424005846146,0.6694703324805674,0.6700621089877339,0.6717002966200322,0.6725912995088814,0.6734670329897605,0.6743117162998252,0.6753376551004808,0.676171758789513,0.6769967272570315,0.6777895806635762,0.67861938724052,0.6793408515360335,0.6801413779623159,0.6809489853933988,0.681797736374943,0.6827506365768216,0.6837089855308688,0.684735156431405,0.6858538352918829,0.6870771068993328,0.68830748323393,0.6894742775305478,0.6906355546800588,0.6917399482243074,0.6930452052794658,0.6949586196920412,0.6963390172731914,0.6976461202083476,0.6989181376608936,0.7003529266698959,0.702007962200685,0.703605217453802,0.7052467422555865,0.7069531948306175,0.708718363752884,0.7105704306918732,0.7124957614840479,0.7143907742470517,0.7162748820578787,0.7181874366740064,0.7200510185749621,0.7215416271883274,0.7227334910275258,0.7238073978690268,0.7247286283609233,0.7255160738162156
2,0,1,9,-,1,2,-,1,0, ,1,3,:,5,8,:,3,3
37.0,34.0,38.0,40.0,41.0,50.0,38.0,40.0,21.0,14.0,23.0,21.0,34.0,27.0,35.0,40.0,38.0,44.0,40.0,38.0,53.0,53.0,50.0,51.0,44.0,50.0,48.0,35.0,26.0,20.0,3.0,13.0,3.0,1.0,3.0,1.0,11.0,16.0,16.0,17.0,29.0,44.0,57.0,51.0,30.0,27.0,13.0,23.0,35.0,21.0
0.6685815807786795,0.6688542796713967,0.6691424005846146,0.6694703324805674,0.6700621089877339,0.6717002966200322,0.6725912995088814,0.6734670329897605,0.6743117162998252,0.6753376551004808,0.676171758789513,0.6769967272570315,0.6777895806635762,0.67861938724052,0.6793408515360335,0.6801413779623159,0.6809489853933988,0.681797736374943,0.6827506365768216,0.6837089855308688,0.684735156431405,0.6858538352918829,0.6870771068993328,0.68830748323393,0.6894742775305478,0.6906355546800588,0.6917399482243074,0.6930452052794658,0.6949586196920412,0.6963390172731914,0.6976461202083476,0.6989181376608936,0.7003529266698959,0.702007962200685,0.703605217453802,0.7052467422555865,0.7069531948306175,0.708718363752884,0.7105704306918732,0.7124957614840479,0.7143907742470517,0.7162748820578787,0.7181874366740064,0.7200510185749621,0.7215416271883274,0.7227334910275258,0.7238073978690268,0.7247286283609233,0.7255160738162156,0.7262554889673092
2,0,1,9,-,1,2,-,1,0, ,1,3,:,5,8,:,3,3
37.0,34.0,38.0,40.0,41.0,50.0,38.0,40.0,21.0,14.0,23.0,21.0,34.0,27.0,35.0,40.0,38.0,44.0,40.0,38.0,53.0,53.0,50.0,51.0,44.0,50.0,48.0,35.0,26.0,20.0,3.0,13.0,3.0,1.0,3.0,1.0,11.0,16.0,16.0,17.0,29.0,44.0,57.0,51.0,30.0,27.0,13.0,23.0,35.0,21.0
0.6688542796713967,0.6691424005846146,0.6694703324805674,0.6700621089877339,0.6717002966200322,0.6725912995088814,0.6734670329897605,0.6743117162998252,0.6753376551004808,0.676171758789513,0.6769967272570315,0.6777895806635762,0.67861938724052,0.6793408515360335,0.6801413779623159,0.6809489853933988,0.681797736374943,0.6827506365768216,0.6837089855308688,0.684735156431405,0.6858538352918829,0.6870771068993328,0.68830748323393,0.6894742775305478,0.6906355546800588,0.6917399482243074,0.6930452052794658,0.6949586196920412,0.6963390172731914,0.6976461202083476,0.6989181376608936,0.7003529266698959,0.702007962200685,0.703605217453802,0.7052467422555865,0.7069531948306175,0.708718363752884,0.7105704306918732,0.7124957614840479,0.7143907742470517,0.7162748820578787,0.7181874366740064,0.7200510185749621,0.7215416271883274,0.7227334910275258,0.7238073978690268,0.7247286283609233,0.7255160738162156,0.7262554889673092,0.7269620475856912
2,0,1,9,-,1,2,-,1,0, ,1,3,:,5,8,:,3,4
34.0,38.0,40.0,41.0,50.0,38.0,40.0,21.0,14.0,23.0,21.0,34.0,27.0,35.0,40.0,38.0,44.0,40.0,38.0,53.0,53.0,50.0,51.0,44.0,50.0,48.0,35.0,26.0,20.0,3.0,13.0,3.0,1.0,3.0,1.0,11.0,16.0,16.0,17.0,29.0,44.0,57.0,51.0,30.0,27.0,13.0,23.0,35.0,21.0,21.0
0.6691424005846146,0.6694703324805674,0.6700621089877339,0.6717002966200322,0.6725912995088814,0.6734670329897605,0.6743117162998252,0.6753376551004808,0.676171758789513,0.6769967272570315,0.6777895806635762,0.67861938724052,0.6793408515360335,0.6801413779623159,0.6809489853933988,0.681797736374943,0.6827506365768216,0.6837089855308688,0.684735156431405,0.6858538352918829,0.6870771068993328,0.68830748323393,0.6894742775305478,0.6906355546800588,0.6917399482243074,0.6930452052794658,0.6949586196920412,0.6963390172731914,0.6976461202083476,0.6989181376608936,0.7003529266698959,0.702007962200685,0.703605217453802,0.7052467422555865,0.7069531948306175,0.708718363752884,0.7105704306918732,0.7124957614840479,0.7143907742470517,0.7162748820578787,0.7181874366740064,0.7200510185749621,0.7215416271883274,0.7227334910275258,0.7238073978690268,0.7247286283609233,0.7255160738162156,0.7262554889673092,0.7269620475856912,0.7276890588642796
2,0,1,9,-,1,2,-,1,0, ,1,3,:,5,8,:,3,5
38.0,40.0,41.0,50.0,38.0,40.0,21.0,14.0,23.0,21.0,34.0,27.0,35.0,40.0,38.0,44.0,40.0,38.0,53.0,53.0,50.0,51.0,44.0,50.0,48.0,35.0,26.0,20.0,3.0,13.0,3.0,1.0,3.0,1.0,11.0,16.0,16.0,17.0,29.0,44.0,57.0,51.0,30.0,27.0,13.0,23.0,35.0,21.0,21.0,17.0
0.6694703324805674,0.6700621089877339,0.6717002966200322,0.6725912995088814,0.6734670329897605,0.6743117162998252,0.6753376551004808,0.676171758789513,0.6769967272570315,0.6777895806635762,0.67861938724052,0.6793408515360335,0.6801413779623159,0.6809489853933988,0.681797736374943,0.6827506365768216,0.6837089855308688,0.684735156431405,0.6858538352918829,0.6870771068993328,0.68830748323393,0.6894742775305478,0.6906355546800588,0.6917399482243074,0.6930452052794658,0.6949586196920412,0.6963390172731914,0.6976461202083476,0.6989181376608936,0.7003529266698959,0.702007962200685,0.703605217453802,0.7052467422555865,0.7069531948306175,0.708718363752884,0.7105704306918732,0.7124957614840479,0.7143907742470517,0.7162748820578787,0.7181874366740064,0.7200510185749621,0.7215416271883274,0.7227334910275258,0.7238073978690268,0.7247286283609233,0.7255160738162156,0.7262554889673092,0.7269620475856912,0.7276890588642796,0.7285088309005738
2,0,1,9,-,1,2,-,1,0, ,1,3,:,5,8,:,3,5
40.0,41.0,50.0,38.0,40.0,21.0,14.0,23.0,21.0,34.0,27.0,35.0,40.0,38.0,44.0,40.0,38.0,53.0,53.0,50.0,51.0,44.0,50.0,48.0,35.0,26.0,20.0,3.0,13.0,3.0,1.0,3.0,1.0,11.0,16.0,16.0,17.0,29.0,44.0,57.0,51.0,30.0,27.0,13.0,23.0,35.0,21.0,21.0,17.0,11.0
0.6700621089877339,0.6717002966200322,0.6725912995088814,0.6734670329897605,0.6743117162998252,0.6753376551004808,0.676171758789513,0.6769967272570315,0.6777895806635762,0.67861938724052,0.6793408515360335,0.6801413779623159,0.6809489853933988,0.681797736374943,0.6827506365768216,0.6837089855308688,0.684735156431405,0.6858538352918829,0.6870771068993328,0.68830748323393,0.6894742775305478,0.6906355546800588,0.6917399482243074,0.6930452052794658,0.6949586196920412,0.6963390172731914,0.6976461202083476,0.6989181376608936,0.7003529266698959,0.702007962200685,0.703605217453802,0.7052467422555865,0.7069531948306175,0.708718363752884,0.7105704306918732,0.7124957614840479,0.7143907742470517,0.7162748820578787,0.7181874366740064,0.7200510185749621,0.7215416271883274,0.7227334910275258,0.7238073978690268,0.7247286283609233,0.7255160738162156,0.7262554889673092,0.7269620475856912,0.7276890588642796,0.7285088309005738,0.729405273738959
2,0,1,9,-,1,2,-,1,0, ,1,3,:,5,8,:,3,6
40.0,41.0,50.0,38.0,40.0,21.0,14.0,23.0,21.0,34.0,27.0,35.0,40.0,38.0,44.0,40.0,38.0,53.0,53.0,50.0,51.0,44.0,50.0,48.0,35.0,26.0,20.0,3.0,13.0,3.0,1.0,3.0,1.0,11.0,16.0,16.0,17.0,29.0,44.0,57.0,51.0,30.0,27.0,13.0,23.0,35.0,21.0,21.0,17.0,11.0
0.6717002966200322,0.6725912995088814,0.6734670329897605,0.6743117162998252,0.6753376551004808,0.676171758789513,0.6769967272570315,0.6777895806635762,0.67861938724052,0.6793408515360335,0.6801413779623159,0.6809489853933988,0.681797736374943,0.6827506365768216,0.6837089855308688,0.684735156431405,0.6858538352918829,0.6870771068993328,0.68830748323393,0.6894742775305478,0.6906355546800588,0.6917399482243074,0.6930452052794658,0.6949586196920412,0.6963390172731914,0.6976461202083476,0.6989181376608936,0.7003529266698959,0.702007962200685,0.703605217453802,0.7052467422555865,0.7069531948306175,0.708718363752884,0.7105704306918732,0.7124957614840479,0.7143907742470517,0.7162748820578787,0.7181874366740064,0.7200510185749621,0.7215416271883274,0.7227334910275258,0.7238073978690268,0.7247286283609233,0.7255160738162156,0.7262554889673092,0.7269620475856912,0.7276890588642796,0.7285088309005738,0.729405273738959,0.7303386729430954
2,0,1,9,-,1,2,-,1,0, ,1,3,:,5,8,:,3,7
41.0,50.0,38.0,40.0,21.0,14.0,23.0,21.0,34.0,27.0,35.0,40.0,38.0,44.0,40.0,38.0,53.0,53.0,50.0,51.0,44.0,50.0,48.0,35.0,26.0,20.0,3.0,13.0,3.0,1.0,3.0,1.0,11.0,16.0,16.0,17.0,29.0,44.0,57.0,51.0,30.0,27.0,13.0,23.0,35.0,21.0,21.0,17.0,11.0,16.0
0.6725912995088814,0.6734670329897605,0.6743117162998252,0.6753376551004808,0.676171758789513,0.6769967272570315,0.6777895806635762,0.67861938724052,0.6793408515360335,0.6801413779623159,0.6809489853933988,0.681797736374943,0.6827506365768216,0.6837089855308688,0.684735156431405,0.6858538352918829,0.6870771068993328,0.68830748323393,0.6894742775305478,0.6906355546800588,0.6917399482243074,0.6930452052794658,0.6949586196920412,0.6963390172731914,0.6976461202083476,0.6989181376608936,0.7003529266698959,0.702007962200685,0.703605217453802,0.7052467422555865,0.7069531948306175,0.708718363752884,0.7105704306918732,0.7124957614840479,0.7143907742470517,0.7162748820578787,0.7181874366740064,0.7200510185749621,0.7215416271883274,0.7227334910275258,0.7238073978690268,0.7247286283609233,0.7255160738162156,0.7262554889673092,0.7269620475856912,0.7276890588642796,0.7285088309005738,0.729405273738959,0.7303386729430954,0.7312722029702893
2,0,1,9,-,1,2,-,1,0, ,1,3,:,5,8,:,3,7
50.0,38.0,40.0,21.0,14.0,23.0,21.0,34.0,27.0,35.0,40.0,38.0,44.0,40.0,38.0,53.0,53.0,50.0,51.0,44.0,50.0,48.0,35.0,26.0,20.0,3.0,13.0,3.0,1.0,3.0,1.0,11.0,16.0,16.0,17.0,29.0,44.0,57.0,51.0,30.0,27.0,13.0,23.0,35.0,21.0,21.0,17.0,11.0,16.0,17.0
0.6734670329897605,0.6743117162998252,0.6753376551004808,0.676171758789513,0.6769967272570315,0.6777895806635762,0.67861938724052,0.6793408515360335,0.6801413779623159,0.6809489853933988,0.681797736374943,0.6827506365768216,0.6837089855308688,0.684735156431405,0.6858538352918829,0.6870771068993328,0.68830748323393,0.6894742775305478,0.6906355546800588,0.6917399482243074,0.6930452052794658,0.6949586196920412,0.6963390172731914,0.6976461202083476,0.6989181376608936,0.7003529266698959,0.702007962200685,0.703605217453802,0.7052467422555865,0.7069531948306175,0.708718363752884,0.7105704306918732,0.7124957614840479,0.7143907742470517,0.7162748820578787,0.7181874366740064,0.7200510185749621,0.7215416271883274,0.7227334910275258,0.7238073978690268,0.7247286283609233,0.7255160738162156,0.7262554889673092,0.7269620475856912,0.7276890588642796,0.7285088309005738,0.729405273738959,0.7303386729430954,0.7312722029702893,0.7322112358668693
2,0,1,9,-,1,2,-,1,0, ,1,3,:,5,8,:,3,8
50.0,38.0,40.0,21.0,14.0,23.0,21.0,34.0,27.0,35.0,40.0,38.0,44.0,40.0,38.0,53.0,53.0,50.0,51.0,44.0,50.0,48.0,35.0,26.0,20.0,3.0,13.0,3.0,1.0,3.0,1.0,11.0,16.0,16.0,17.0,29.0,44.0,57.0,51.0,30.0,27.0,13.0,23.0,35.0,21.0,21.0,17.0,11.0,16.0,17.0
0.6743117162998252,0.6753376551004808,0.676171758789513,0.6769967272570315,0.6777895806635762,0.67861938724052,0.6793408515360335,0.6801413779623159,0.6809489853933988,0.681797736374943,0.6827506365768216,0.6837089855308688,0.684735156431405,0.6858538352918829,0.6870771068993328,0.68830748323393,0.6894742775305478,0.6906355546800588,0.6917399482243074,0.6930452052794658,0.6949586196920412,0.6963390172731914,0.6976461202083476,0.6989181376608936,0.7003529266698959,0.702007962200685,0.703605217453802,0.7052467422555865,0.7069531948306175,0.708718363752884,0.7105704306918732,0.7124957614840479,0.7143907742470517,0.7162748820578787,0.7181874366740064,0.7200510185749621,0.7215416271883274,0.7227334910275258,0.7238073978690268,0.7247286283609233,0.7255160738162156,0.7262554889673092,0.7269620475856912,0.7276890588642796,0.7285088309005738,0.729405273738959,0.7303386729430954,0.7312722029702893,0.7322112358668693,0.7331777642449427
2,0,1,9,-,1,2,-,1,0, ,1,3,:,5,8,:,3,9
38.0,40.0,21.0,14.0,23.0,21.0,34.0,27.0,35.0,40.0,38.0,44.0,40.0,38.0,53.0,53.0,50.0,51.0,44.0,50.0,48.0,35.0,26.0,20.0,3.0,13.0,3.0,1.0,3.0,1.0,11.0,16.0,16.0,17.0,29.0,44.0,57.0,51.0,30.0,27.0,13.0,23.0,35.0,21.0,21.0,17.0,11.0,16.0,17.0,10.0
0.6753376551004808,0.676171758789513,0.6769967272570315,0.6777895806635762,0.67861938724052,0.6793408515360335,0.6801413779623159,0.6809489853933988,0.681797736374943,0.6827506365768216,0.6837089855308688,0.684735156431405,0.6858538352918829,0.6870771068993328,0.68830748323393,0.6894742775305478,0.6906355546800588,0.6917399482243074,0.6930452052794658,0.6949586196920412,0.6963390172731914,0.6976461202083476,0.6989181376608936,0.7003529266698959,0.702007962200685,0.703605217453802,0.7052467422555865,0.7069531948306175,0.708718363752884,0.7105704306918732,0.7124957614840479,0.7143907742470517,0.7162748820578787,0.7181874366740064,0.7200510185749621,0.7215416271883274,0.7227334910275258,0.7238073978690268,0.7247286283609233,0.7255160738162156,0.7262554889673092,0.7269620475856912,0.7276890588642796,0.7285088309005738,0.729405273738959,0.7303386729430954,0.7312722029702893,0.7322112358668693,0.7331777642449427,0.7342020929830241
2,0,1,9,-,1,2,-,1,0, ,1,3,:,5,8,:,4,0
40.0,21.0,14.0,23.0,21.0,34.0,27.0,35.0,40.0,38.0,44.0,40.0,38.0,53.0,53.0,50.0,51.0,44.0,50.0,48.0,35.0,26.0,20.0,3.0,13.0,3.0,1.0,3.0,1.0,11.0,16.0,16.0,17.0,29.0,44.0,57.0,51.0,30.0,27.0,13.0,23.0,35.0,21.0,21.0,17.0,11.0,16.0,17.0,10.0,29.0
0.676171758789513,0.6769967272570315,0.6777895806635762,0.67861938724052,0.6793408515360335,0.6801413779623159,0.6809489853933988,0.681797736374943,0.6827506365768216,0.6837089855308688,0.684735156431405,0.6858538352918829,0.6870771068993328,0.68830748323393,0.6894742775305478,0.6906355546800588,0.6917399482243074,0.6930452052794658,0.6949586196920412,0.6963390172731914,0.6976461202083476,0.6989181376608936,0.7003529266698959,0.702007962200685,0.703605217453802,0.7052467422555865,0.7069531948306175,0.708718363752884,0.7105704306918732,0.7124957614840479,0.7143907742470517,0.7162748820578787,0.7181874366740064,0.7200510185749621,0.7215416271883274,0.7227334910275258,0.7238073978690268,0.7247286283609233,0.7255160738162156,0.7262554889673092,0.7269620475856912,0.7276890588642796,0.7285088309005738,0.729405273738959,0.7303386729430954,0.7312722029702893,0.7322112358668693,0.7331777642449427,0.7342020929830241,0.7352917692313687
2,0,1,9,-,1,2,-,1,0, ,1,3,:,5,8,:,4,0
21.0,14.0,23.0,21.0,34.0,27.0,35.0,40.0,38.0,44.0,40.0,38.0,53.0,53.0,50.0,51.0,44.0,50.0,48.0,35.0,26.0,20.0,3.0,13.0,3.0,1.0,3.0,1.0,11.0,16.0,16.0,17.0,29.0,44.0,57.0,51.0,30.0,27.0,13.0,23.0,35.0,21.0,21.0,17.0,11.0,16.0,17.0,10.0,29.0,38.0
0.6769967272570315,0.6777895806635762,0.67861938724052,0.6793408515360335,0.6801413779623159,0.6809489853933988,0.681797736374943,0.6827506365768216,0.6837089855308688,0.684735156431405,0.6858538352918829,0.6870771068993328,0.68830748323393,0.6894742775305478,0.6906355546800588,0.6917399482243074,0.6930452052794658,0.6949586196920412,0.6963390172731914,0.6976461202083476,0.6989181376608936,0.7003529266698959,0.702007962200685,0.703605217453802,0.7052467422555865,0.7069531948306175,0.708718363752884,0.7105704306918732,0.7124957614840479,0.7143907742470517,0.7162748820578787,0.7181874366740064,0.7200510185749621,0.7215416271883274,0.7227334910275258,0.7238073978690268,0.7247286283609233,0.7255160738162156,0.7262554889673092,0.7269620475856912,0.7276890588642796,0.7285088309005738,0.729405273738959,0.7303386729430954,0.7312722029702893,0.7322112358668693,0.7331777642449427,0.7342020929830241,0.7352917692313687,0.7364073293215277
2,0,1,9,-,1,2,-,1,0, ,1,3,:,5,8,:,4,1
21.0,14.0,23.0,21.0,34.0,27.0,35.0,40.0,38.0,44.0,40.0,38.0,53.0,53.0,50.0,51.0,44.0,50.0,48.0,35.0,26.0,20.0,3.0,13.0,3.0,1.0,3.0,1.0,11.0,16.0,16.0,17.0,29.0,44.0,57.0,51.0,30.0,27.0,13.0,23.0,35.0,21.0,21.0,17.0,11.0,16.0,17.0,10.0,29.0,38.0
0.6777895806635762,0.67861938724052,0.6793408515360335,0.6801413779623159,0.6809489853933988,0.681797736374943,0.6827506365768216,0.6837089855308688,0.684735156431405,0.6858538352918829,0.6870771068993328,0.68830748323393,0.6894742775305478,0.6906355546800588,0.6917399482243074,0.6930452052794658,0.6949586196920412,0.6963390172731914,0.6976461202083476,0.6989181376608936,0.7003529266698959,0.702007962200685,0.703605217453802,0.7052467422555865,0.7069531948306175,0.708718363752884,0.7105704306918732,0.7124957614840479,0.7143907742470517,0.7162748820578787,0.7181874366740064,0.7200510185749621,0.7215416271883274,0.7227334910275258,0.7238073978690268,0.7247286283609233,0.7255160738162156,0.7262554889673092,0.7269620475856912,0.7276890588642796,0.7285088309005738,0.729405273738959,0.7303386729430954,0.7312722029702893,0.7322112358668693,0.7331777642449427,0.7342020929830241,0.7352917692313687,0.7364073293215277,0.7375183887594907
2,0,1,9,-,1,2,-,1,0, ,1,3,:,5,8,:,4,2
14.0,23.0,21.0,34.0,27.0,35.0,40.0,38.0,44.0,40.0,38.0,53.0,53.0,50.0,51.0,44.0,50.0,48.0,35.0,26.0,20.0,3.0,13.0,3.0,1.0,3.0,1.0,11.0,16.0,16.0,17.0,29.0,44.0,57.0,51.0,30.0,27.0,13.0,23.0,35.0,21.0,21.0,17.0,11.0,16.0,17.0,10.0,29.0,38.0,41.0
0.67861938724052,0.6793408515360335,0.6801413779623159,0.6809489853933988,0.681797736374943,0.6827506365768216,0.6837089855308688,0.684735156431405,0.6858538352918829,0.6870771068993328,0.68830748323393,0.6894742775305478,0.6906355546800588,0.6917399482243074,0.6930452052794658,0.6949586196920412,0.6963390172731914,0.6976461202083476,0.6989181376608936,0.7003529266698959,0.702007962200685,0.703605217453802,0.7052467422555865,0.7069531948306175,0.708718363752884,0.7105704306918732,0.7124957614840479,0.7143907742470517,0.7162748820578787,0.7181874366740064,0.7200510185749621,0.7215416271883274,0.7227334910275258,0.7238073978690268,0.7247286283609233,0.7255160738162156,0.7262554889673092,0.7269620475856912,0.7276890588642796,0.7285088309005738,0.729405273738959,0.7303386729430954,0.7312722029702893,0.7322112358668693,0.7331777642449427,0.7342020929830241,0.7352917692313687,0.7364073293215277,0.7375183887594907,0.7386404337500326
2,0,1,9,-,1,2,-,1,0, ,1,3,:,5,8,:,4,2
23.0,21.0,34.0,27.0,35.0,40.0,38.0,44.0,40.0,38.0,53.0,53.0,50.0,51.0,44.0,50.0,48.0,35.0,26.0,20.0,3.0,13.0,3.0,1.0,3.0,1.0,11.0,16.0,16.0,17.0,29.0,44.0,57.0,51.0,30.0,27.0,13.0,23.0,35.0,21.0,21.0,17.0,11.0,16.0,17.0,10.0,29.0,38.0,41.0,41.0
0.6793408515360335,0.6801413779623159,0.6809489853933988,0.681797736374943,0.6827506365768216,0.6837089855308688,0.684735156431405,0.6858538352918829,0.6870771068993328,0.68830748323393,0.6894742775305478,0.6906355546800588,0.6917399482243074,0.6930452052794658,0.6949586196920412,0.6963390172731914,0.6976461202083476,0.6989181376608936,0.7003529266698959,0.702007962200685,0.703605217453802,0.7052467422555865,0.7069531948306175,0.708718363752884,0.7105704306918732,0.7124957614840479,0.7143907742470517,0.7162748820578787,0.7181874366740064,0.7200510185749621,0.7215416271883274,0.7227334910275258,0.7238073978690268,0.7247286283609233,0.7255160738162156,0.7262554889673092,0.7269620475856912,0.7276890588642796,0.7285088309005738,0.729405273738959,0.7303386729430954,0.7312722029702893,0.7322112358668693,0.7331777642449427,0.7342020929830241,0.7352917692313687,0.7364073293215277,0.7375183887594907,0.7386404337500326,0.7397724171597144
2,0,1,9,-,1,2,-,1,0, ,1,3,:,5,8,:,4,3
23.0,21.0,34.0,27.0,35.0,40.0,38.0,44.0,40.0,38.0,53.0,53.0,50.0,51.0,44.0,50.0,48.0,35.0,26.0,20.0,3.0,13.0,3.0,1.0,3.0,1.0,11.0,16.0,16.0,17.0,29.0,44.0,57.0,51.0,30.0,27.0,13.0,23.0,35.0,21.0,21.0,17.0,11.0,16.0,17.0,10.0,29.0,38.0,41.0,41.0
0.6801413779623159,0.6809489853933988,0.681797736374943,0.6827506365768216,0.6837089855308688,0.684735156431405,0.6858538352918829,0.6870771068993328,0.68830748323393,0.6894742775305478,0.6906355546800588,0.6917399482243074,0.6930452052794658,0.6949586196920412,0.6963390172731914,0.6976461202083476,0.6989181376608936,0.7003529266698959,0.702007962200685,0.703605217453802,0.7052467422555865,0.7069531948306175,0.708718363752884,0.7105704306918732,0.7124957614840479,0.7143907742470517,0.7162748820578787,0.7181874366740064,0.7200510185749621,0.7215416271883274,0.7227334910275258,0.7238073978690268,0.7247286283609233,0.7255160738162156,0.7262554889673092,0.7269620475856912,0.7276890588642796,0.7285088309005738,0.729405273738959,0.7303386729430954,0.7312722029702893,0.7322112358668693,0.7331777642449427,0.7342020929830241,0.7352917692313687,0.7364073293215277,0.7375183887594907,0.7386404337500326,0.7397724171597144,0.7409403532515879
2,0,1,9,-,1,2,-,1,0, ,1,3,:,5,8,:,4,4
21.0,34.0,27.0,35.0,40.0,38.0,44.0,40.0,38.0,53.0,53.0,50.0,51.0,44.0,50.0,48.0,35.0,26.0,20.0,3.0,13.0,3.0,1.0,3.0,1.0,11.0,16.0,16.0,17.0,29.0,44.0,57.0,51.0,30.0,27.0,13.0,23.0,35.0,21.0,21.0,17.0,11.0,16.0,17.0,10.0,29.0,38.0,41.0,41.0,27.0
0.6809489853933988,0.681797736374943,0.6827506365768216,0.6837089855308688,0.684735156431405,0.6858538352918829,0.6870771068993328,0.68830748323393,0.6894742775305478,0.6906355546800588,0.6917399482243074,0.6930452052794658,0.6949586196920412,0.6963390172731914,0.6976461202083476,0.6989181376608936,0.7003529266698959,0.702007962200685,0.703605217453802,0.7052467422555865,0.7069531948306175,0.708718363752884,0.7105704306918732,0.7124957614840479,0.7143907742470517,0.7162748820578787,0.7181874366740064,0.7200510185749621,0.7215416271883274,0.7227334910275258,0.7238073978690268,0.7247286283609233,0.7255160738162156,0.7262554889673092,0.7269620475856912,0.7276890588642796,0.7285088309005738,0.729405273738959,0.7303386729430954,0.7312722029702893,0.7322112358668693,0.7331777642449427,0.7342020929830241,0.7352917692313687,0.7364073293215277,0.7375183887594907,0.7386404337500326,0.7397724171597144,0.7409403532515879,0.7421374031101605
2,0,1,9,-,1,2,-,1,0, ,1,3,:,5,8,:,4,4
34.0,27.0,35.0,40.0,38.0,44.0,40.0,38.0,53.0,53.0,50.0,51.0,44.0,50.0,48.0,35.0,26.0,20.0,3.0,13.0,3.0,1.0,3.0,1.0,11.0,16.0,16.0,17.0,29.0,44.0,57.0,51.0,30.0,27.0,13.0,23.0,35.0,21.0,21.0,17.0,11.0,16.0,17.0,10.0,29.0,38.0,41.0,41.0,27.0,26.0
0.681797736374943,0.6827506365768216,0.6837089855308688,0.684735156431405,0.6858538352918829,0.6870771068993328,0.68830748323393,0.6894742775305478,0.6906355546800588,0.6917399482243074,0.6930452052794658,0.6949586196920412,0.6963390172731914,0.6976461202083476,0.6989181376608936,0.7003529266698959,0.702007962200685,0.703605217453802,0.7052467422555865,0.7069531948306175,0.708718363752884,0.7105704306918732,0.7124957614840479,0.7143907742470517,0.7162748820578787,0.7181874366740064,0.7200510185749621,0.7215416271883274,0.7227334910275258,0.7238073978690268,0.7247286283609233,0.7255160738162156,0.7262554889673092,0.7269620475856912,0.7276890588642796,0.7285088309005738,0.729405273738959,0.7303386729430954,0.7312722029702893,0.7322112358668693,0.7331777642449427,0.7342020929830241,0.7352917692313687,0.7364073293215277,0.7375183887594907,0.7386404337500326,0.7397724171597144,0.7409403532515879,0.7421374031101605,0.743338483961376
2,0,1,9,-,1,2,-,1,0, ,1,3,:,5,8,:,4,5
34.0,27.0,35.0,40.0,38.0,44.0,40.0,38.0,53.0,53.0,50.0,51.0,44.0,50.0,48.0,35.0,26.0,20.0,3.0,13.0,3.0,1.0,3.0,1.0,11.0,16.0,16.0,17.0,29.0,44.0,57.0,51.0,30.0,27.0,13.0,23.0,35.0,21.0,21.0,17.0,11.0,16.0,17.0,10.0,29.0,38.0,41.0,41.0,27.0,26.0
0.6827506365768216,0.6837089855308688,0.684735156431405,0.6858538352918829,0.6870771068993328,0.68830748323393,0.6894742775305478,0.6906355546800588,0.6917399482243074,0.6930452052794658,0.6949586196920412,0.6963390172731914,0.6976461202083476,0.6989181376608936,0.7003529266698959,0.702007962200685,0.703605217453802,0.7052467422555865,0.7069531948306175,0.708718363752884,0.7105704306918732,0.7124957614840479,0.7143907742470517,0.7162748820578787,0.7181874366740064,0.7200510185749621,0.7215416271883274,0.7227334910275258,0.7238073978690268,0.7247286283609233,0.7255160738162156,0.7262554889673092,0.7269620475856912,0.7276890588642796,0.7285088309005738,0.729405273738959,0.7303386729430954,0.7312722029702893,0.7322112358668693,0.7331777642449427,0.7342020929830241,0.7352917692313687,0.7364073293215277,0.7375183887594907,0.7386404337500326,0.7397724171597144,0.7409403532515879,0.7421374031101605,0.743338483961376,0.744502871694581
2,0,1,9,-,1,2,-,1,0, ,1,3,:,5,8,:,4,6
27.0,35.0,40.0,38.0,44.0,40.0,38.0,53.0,53.0,50.0,51.0,44.0,50.0,48.0,35.0,26.0,20.0,3.0,13.0,3.0,1.0,3.0,1.0,11.0,16.0,16.0,17.0,29.0,44.0,57.0,51.0,30.0,27.0,13.0,23.0,35.0,21.0,21.0,17.0,11.0,16.0,17.0,10.0,29.0,38.0,41.0,41.0,27.0,26.0,13.0
0.6837089855308688,0.684735156431405,0.6858538352918829,0.6870771068993328,0.68830748323393,0.6894742775305478,0.6906355546800588,0.6917399482243074,0.6930452052794658,0.6949586196920412,0.6963390172731914,0.6976461202083476,0.6989181376608936,0.7003529266698959,0.702007962200685,0.703605217453802,0.7052467422555865,0.7069531948306175,0.708718363752884,0.7105704306918732,0.7124957614840479,0.7143907742470517,0.7162748820578787,0.7181874366740064,0.7200510185749621,0.7215416271883274,0.7227334910275258,0.7238073978690268,0.7247286283609233,0.7255160738162156,0.7262554889673092,0.7269620475856912,0.7276890588642796,0.7285088309005738,0.729405273738959,0.7303386729430954,0.7312722029702893,0.7322112358668693,0.7331777642449427,0.7342020929830241,0.7352917692313687,0.7364073293215277,0.7375183887594907,0.7386404337500326,0.7397724171597144,0.7409403532515879,0.7421374031101605,0.743338483961376,0.744502871694581,0.7456372560865493
2,0,1,9,-,1,2,-,1,0, ,1,3,:,5,8,:,4,6
35.0,40.0,38.0,44.0,40.0,38.0,53.0,53.0,50.0,51.0,44.0,50.0,48.0,35.0,26.0,20.0,3.0,13.0,3.0,1.0,3.0,1.0,11.0,16.0,16.0,17.0,29.0,44.0,57.0,51.0,30.0,27.0,13.0,23.0,35.0,21.0,21.0,17.0,11.0,16.0,17.0,10.0,29.0,38.0,41.0,41.0,27.0,26.0,13.0,17.0
0.684735156431405,0.6858538352918829,0.6870771068993328,0.68830748323393,0.6894742775305478,0.6906355546800588,0.6917399482243074,0.6930452052794658,0.6949586196920412,0.6963390172731914,0.6976461202083476,0.6989181376608936,0.7003529266698959,0.702007962200685,0.703605217453802,0.7052467422555865,0.7069531948306175,0.708718363752884,0.7105704306918732,0.7124957614840479,0.7143907742470517,0.7162748820578787,0.7181874366740064,0.7200510185749621,0.7215416271883274,0.7227334910275258,0.7238073978690268,0.7247286283609233,0.7255160738162156,0.7262554889673092,0.7269620475856912,0.7276890588642796,0.7285088309005738,0.729405273738959,0.7303386729430954,0.7312722029702893,0.7322112358668693,0.7331777642449427,0.7342020929830241,0.7352917692313687,0.7364073293215277,0.7375183887594907,0.7386404337500326,0.7397724171597144,0.7409403532515879,0.7421374031101605,0.743338483961376,0.744502871694581,0.7456372560865493,0.7467539997639059
2,0,1,9,-,1,2,-,1,0, ,1,3,:,5,8,:,4,7
35.0,40.0,38.0,44.0,40.0,38.0,53.0,53.0,50.0,51.0,44.0,50.0,48.0,35.0,26.0,20.0,3.0,13.0,3.0,1.0,3.0,1.0,11.0,16.0,16.0,17.0,29.0,44.0,57.0,51.0,30.0,27.0,13.0,23.0,35.0,21.0,21.0,17.0,11.0,16.0,17.0,10.0,29.0,38.0,41.0,41.0,27.0,26.0,13.0,17.0
0.6858538352918829,0.6870771068993328,0.68830748323393,0.6894742775305478,0.6906355546800588,0.6917399482243074,0.6930452052794658,0.6949586196920412,0.6963390172731914,0.6976461202083476,0.6989181376608936,0.7003529266698959,0.702007962200685,0.703605217453802,0.7052467422555865,0.7069531948306175,0.708718363752884,0.7105704306918732,0.7124957614840479,0.7143907742470517,0.7162748820578787,0.7181874366740064,0.7200510185749621,0.7215416271883274,0.7227334910275258,0.7238073978690268,0.7247286283609233,0.7255160738162156,0.7262554889673092,0.7269620475856912,0.7276890588642796,0.7285088309005738,0.729405273738959,0.7303386729430954,0.7312722029702893,0.7322112358668693,0.7331777642449427,0.7342020929830241,0.7352917692313687,0.7364073293215277,0.7375183887594907,0.7386404337500326,0.7397724171597144,0.7409403532515879,0.7421374031101605,0.743338483961376,0.744502871694581,0.7456372560865493,0.7467539997639059,0.7478775937997636
2,0,1,9,-,1,2,-,1,0, ,1,3,:,5,8,:,4,8
40.0,38.0,44.0,40.0,38.0,53.0,53.0,50.0,51.0,44.0,50.0,48.0,35.0,26.0,20.0,3.0,13.0,3.0,1.0,3.0,1.0,11.0,16.0,16.0,17.0,29.0,44.0,57.0,51.0,30.0,27.0,13.0,23.0,35.0,21.0,21.0,17.0,11.0,16.0,17.0,10.0,29.0,38.0,41.0,41.0,27.0,26.0,13.0,17.0,23.0
0.6870771068993328,0.68830748323393,0.6894742775305478,0.6906355546800588,0.6917399482243074,0.6930452052794658,0.6949586196920412,0.6963390172731914,0.6976461202083476,0.6989181376608936,0.7003529266698959,0.702007962200685,0.703605217453802,0.7052467422555865,0.7069531948306175,0.708718363752884,0.7105704306918732,0.7124957614840479,0.7143907742470517,0.7162748820578787,0.7181874366740064,0.7200510185749621,0.7215416271883274,0.7227334910275258,0.7238073978690268,0.7247286283609233,0.7255160738162156,0.7262554889673092,0.7269620475856912,0.7276890588642796,0.7285088309005738,0.729405273738959,0.7303386729430954,0.7312722029702893,0.7322112358668693,0.7331777642449427,0.7342020929830241,0.7352917692313687,0.7364073293215277,0.7375183887594907,0.7386404337500326,0.7397724171597144,0.7409403532515879,0.7421374031101605,0.743338483961376,0.744502871694581,0.7456372560865493,0.7467539997639059,0.7478775937997636,0.7490448816945183
2,0,1,9,-,1,2,-,1,0, ,1,3,:,5,8,:,4,9
38.0,44.0,40.0,38.0,53.0,53.0,50.0,51.0,44.0,50.0,48.0,35.0,26.0,20.0,3.0,13.0,3.0,1.0,3.0,1.0,11.0,16.0,16.0,17.0,29.0,44.0,57.0,51.0,30.0,27.0,13.0,23.0,35.0,21.0,21.0,17.0,11.0,16.0,17.0,10.0,29.0,38.0,41.0,41.0,27.0,26.0,13.0,17.0,23.0,26.0
0.68830748323393,0.6894742775305478,0.6906355546800588,0.6917399482243074,0.6930452052794658,0.6949586196920412,0.6963390172731914,0.6976461202083476,0.6989181376608936,0.7003529266698959,0.702007962200685,0.703605217453802,0.7052467422555865,0.7069531948306175,0.708718363752884,0.7105704306918732,0.7124957614840479,0.7143907742470517,0.7162748820578787,0.7181874366740064,0.7200510185749621,0.7215416271883274,0.7227334910275258,0.7238073978690268,0.7247286283609233,0.7255160738162156,0.7262554889673092,0.7269620475856912,0.7276890588642796,0.7285088309005738,0.729405273738959,0.7303386729430954,0.7312722029702893,0.7322112358668693,0.7331777642449427,0.7342020929830241,0.7352917692313687,0.7364073293215277,0.7375183887594907,0.7386404337500326,0.7397724171597144,0.7409403532515879,0.7421374031101605,0.743338483961376,0.744502871694581,0.7456372560865493,0.7467539997639059,0.7478775937997636,0.7490448816945183,0.7501935785349682
2,0,1,9,-,1,2,-,1,0, ,1,3,:,5,8,:,4,9
44.0,40.0,38.0,53.0,53.0,50.0,51.0,44.0,50.0,48.0,35.0,26.0,20.0,3.0,13.0,3.0,1.0,3.0,1.0,11.0,16.0,16.0,17.0,29.0,44.0,57.0,51.0,30.0,27.0,13.0,23.0,35.0,21.0,21.0,17.0,11.0,16.0,17.0,10.0,29.0,38.0,41.0,41.0,27.0,26.0,13.0,17.0,23.0,26.0,44.0
0.6894742775305478,0.6906355546800588,0.6917399482243074,0.6930452052794658,0.6949586196920412,0.6963390172731914,0.6976461202083476,0.6989181376608936,0.7003529266698959,0.702007962200685,0.703605217453802,0.7052467422555865,0.7069531948306175,0.708718363752884,0.7105704306918732,0.7124957614840479,0.7143907742470517,0.7162748820578787,0.7181874366740064,0.7200510185749621,0.7215416271883274,0.7227334910275258,0.7238073978690268,0.7247286283609233,0.7255160738162156,0.7262554889673092,0.7269620475856912,0.7276890588642796,0.7285088309005738,0.729405273738959,0.7303386729430954,0.7312722029702893,0.7322112358668693,0.7331777642449427,0.7342020929830241,0.7352917692313687,0.7364073293215277,0.7375183887594907,0.7386404337500326,0.7397724171597144,0.7409403532515879,0.7421374031101605,0.743338483961376,0.744502871694581,0.7456372560865493,0.7467539997639059,0.7478775937997636,0.7490448816945183,0.7501935785349682,0.7512359034758236
2,0,1,9,-,1,2,-,1,0, ,1,3,:,5,8,:,5,0
44.0,40.0,38.0,53.0,53.0,50.0,51.0,44.0,50.0,48.0,35.0,26.0,20.0,3.0,13.0,3.0,1.0,3.0,1.0,11.0,16.0,16.0,17.0,29.0,44.0,57.0,51.0,30.0,27.0,13.0,23.0,35.0,21.0,21.0,17.0,11.0,16.0,17.0,10.0,29.0,38.0,41.0,41.0,27.0,26.0,13.0,17.0,23.0,26.0,44.0
0.6906355546800588,0.6917399482243074,0.6930452052794658,0.6949586196920412,0.6963390172731914,0.6976461202083476,0.6989181376608936,0.7003529266698959,0.702007962200685,0.703605217453802,0.7052467422555865,0.7069531948306175,0.708718363752884,0.7105704306918732,0.7124957614840479,0.7143907742470517,0.7162748820578787,0.7181874366740064,0.7200510185749621,0.7215416271883274,0.7227334910275258,0.7238073978690268,0.7247286283609233,0.7255160738162156,0.7262554889673092,0.7269620475856912,0.7276890588642796,0.7285088309005738,0.729405273738959,0.7303386729430954,0.7312722029702893,0.7322112358668693,0.7331777642449427,0.7342020929830241,0.7352917692313687,0.7364073293215277,0.7375183887594907,0.7386404337500326,0.7397724171597144,0.7409403532515879,0.7421374031101605,0.743338483961376,0.744502871694581,0.7456372560865493,0.7467539997639059,0.7478775937997636,0.7490448816945183,0.7501935785349682,0.7512359034758236,0.7521798859367409
2,0,1,9,-,1,2,-,1,0, ,1,3,:,5,8,:,5,1
40.0,38.0,53.0,53.0,50.0,51.0,44.0,50.0,48.0,35.0,26.0,20.0,3.0,13.0,3.0,1.0,3.0,1.0,11.0,16.0,16.0,17.0,29.0,44.0,57.0,51.0,30.0,27.0,13.0,23.0,35.0,21.0,21.0,17.0,11.0,16.0,17.0,10.0,29.0,38.0,41.0,41.0,27.0,26.0,13.0,17.0,23.0,26.0,44.0,43.0
0.6917399482243074,0.6930452052794658,0.6949586196920412,0.6963390172731914,0.6976461202083476,0.6989181376608936,0.7003529266698959,0.702007962200685,0.703605217453802,0.7052467422555865,0.7069531948306175,0.708718363752884,0.7105704306918732,0.7124957614840479,0.7143907742470517,0.7162748820578787,0.7181874366740064,0.7200510185749621,0.7215416271883274,0.7227334910275258,0.7238073978690268,0.7247286283609233,0.7255160738162156,0.7262554889673092,0.7269620475856912,0.7276890588642796,0.7285088309005738,0.729405273738959,0.7303386729430954,0.7312722029702893,0.7322112358668693,0.7331777642449427,0.7342020929830241,0.7352917692313687,0.7364073293215277,0.7375183887594907,0.7386404337500326,0.7397724171597144,0.7409403532515879,0.7421374031101605,0.743338483961376,0.744502871694581,0.7456372560865493,0.7467539997639059,0.7478775937997636,0.7490448816945183,0.7501935785349682,0.7512359034758236,0.7521798859367409,0.7531012869531618
2,0,1,9,-,1,2,-,1,0, ,1,3,:,5,8,:,5,1
38.0,53.0,53.0,50.0,51.0,44.0,50.0,48.0,35.0,26.0,20.0,3.0,13.0,3.0,1.0,3.0,1.0,11.0,16.0,16.0,17.0,29.0,44.0,57.0,51.0,30.0,27.0,13.0,23.0,35.0,21.0,21.0,17.0,11.0,16.0,17.0,10.0,29.0,38.0,41.0,41.0,27.0,26.0,13.0,17.0,23.0,26.0,44.0,43.0,38.0
0.6930452052794658,0.6949586196920412,0.6963390172731914,0.6976461202083476,0.6989181376608936,0.7003529266698959,0.702007962200685,0.703605217453802,0.7052467422555865,0.7069531948306175,0.708718363752884,0.7105704306918732,0.7124957614840479,0.7143907742470517,0.7162748820578787,0.7181874366740064,0.7200510185749621,0.7215416271883274,0.7227334910275258,0.7238073978690268,0.7247286283609233,0.7255160738162156,0.7262554889673092,0.7269620475856912,0.7276890588642796,0.7285088309005738,0.729405273738959,0.7303386729430954,0.7312722029702893,0.7322112358668693,0.7331777642449427,0.7342020929830241,0.7352917692313687,0.7364073293215277,0.7375183887594907,0.7386404337500326,0.7397724171597144,0.7409403532515879,0.7421374031101605,0.743338483961376,0.744502871694581,0.7456372560865493,0.7467539997639059,0.7478775937997636,0.7490448816945183,0.7501935785349682,0.7512359034758236,0.7521798859367409,0.7531012869531618,0.7540258501977155
2,0,1,9,-,1,2,-,1,0, ,1,3,:,5,8,:,5,2
38.0,53.0,53.0,50.0,51.0,44.0,50.0,48.0,35.0,26.0,20.0,3.0,13.0,3.0,1.0,3.0,1.0,11.0,16.0,16.0,17.0,29.0,44.0,57.0,51.0,30.0,27.0,13.0,23.0,35.0,21.0,21.0,17.0,11.0,16.0,17.0,10.0,29.0,38.0,41.0,41.0,27.0,26.0,13.0,17.0,23.0,26.0,44.0,43.0,38.0
0.6949586196920412,0.6963390172731914,0.6976461202083476,0.6989181376608936,0.7003529266698959,0.702007962200685,0.703605217453802,0.7052467422555865,0.7069531948306175,0.708718363752884,0.7105704306918732,0.7124957614840479,0.7143907742470517,0.7162748820578787,0.7181874366740064,0.7200510185749621,0.7215416271883274,0.7227334910275258,0.7238073978690268,0.7247286283609233,0.7255160738162156,0.7262554889673092,0.7269620475856912,0.7276890588642796,0.7285088309005738,0.729405273738959,0.7303386729430954,0.7312722029702893,0.7322112358668693,0.7331777642449427,0.7342020929830241,0.7352917692313687,0.7364073293215277,0.7375183887594907,0.7386404337500326,0.7397724171597144,0.7409403532515879,0.7421374031101605,0.743338483961376,0.744502871694581,0.7456372560865493,0.7467539997639059,0.7478775937997636,0.7490448816945183,0.7501935785349682,0.7512359034758236,0.7521798859367409,0.7531012869531618,0.7540258501977155,0.7549564275812558
2,0,1,9,-,1,2,-,1,0, ,1,3,:,5,8,:,5,3
53.0,53.0,50.0,51.0,44.0,50.0,48.0,35.0,26.0,20.0,3.0,13.0,3.0,1.0,3.0,1.0,11.0,16.0,16.0,17.0,29.0,44.0,57.0,51.0,30.0,27.0,13.0,23.0,35.0,21.0,21.0,17.0,11.0,16.0,17.0,10.0,29.0,38.0,41.0,41.0,27.0,26.0,13.0,17.0,23.0,26.0,44.0,43.0,38.0,35.0
0.6963390172731914,0.6976461202083476,0.6989181376608936,0.7003529266698959,0.702007962200685,0.703605217453802,0.7052467422555865,0.7069531948306175,0.708718363752884,0.7105704306918732,0.7124957614840479,0.7143907742470517,0.7162748820578787,0.7181874366740064,0.7200510185749621,0.7215416271883274,0.7227334910275258,0.7238073978690268,0.7247286283609233,0.7255160738162156,0.7262554889673092,0.7269620475856912,0.7276890588642796,0.7285088309005738,0.729405273738959,0.7303386729430954,0.7312722029702893,0.7322112358668693,0.7331777642449427,0.7342020929830241,0.7352917692313687,0.7364073293215277,0.7375183887594907,0.7386404337500326,0.7397724171597144,0.7409403532515879,0.7421374031101605,0.743338483961376,0.744502871694581,0.7456372560865493,0.7467539997639059,0.7478775937997636,0.7490448816945183,0.7501935785349682,0.7512359034758236,0.7521798859367409,0.7531012869531618,0.7540258501977155,0.7549564275812558,0.7559001622946453
2,0,1,9,-,1,2,-,1,0, ,1,3,:,5,8,:,5,3
53.0,50.0,51.0,44.0,50.0,48.0,35.0,26.0,20.0,3.0,13.0,3.0,1.0,3.0,1.0,11.0,16.0,16.0,17.0,29.0,44.0,57.0,51.0,30.0,27.0,13.0,23.0,35.0,21.0,21.0,17.0,11.0,16.0,17.0,10.0,29.0,38.0,41.0,41.0,27.0,26.0,13.0,17.0,23.0,26.0,44.0,43.0,38.0,35.0,37.0
0.6976461202083476,0.6989181376608936,0.7003529266698959,0.702007962200685,0.703605217453802,0.7052467422555865,0.7069531948306175,0.708718363752884,0.7105704306918732,0.7124957614840479,0.7143907742470517,0.7162748820578787,0.7181874366740064,0.7200510185749621,0.7215416271883274,0.7227334910275258,0.7238073978690268,0.7247286283609233,0.7255160738162156,0.7262554889673092,0.7269620475856912,0.7276890588642796,0.7285088309005738,0.729405273738959,0.7303386729430954,0.7312722029702893,0.7322112358668693,0.7331777642449427,0.7342020929830241,0.7352917692313687,0.7364073293215277,0.7375183887594907,0.7386404337500326,0.7397724171597144,0.7409403532515879,0.7421374031101605,0.743338483961376,0.744502871694581,0.7456372560865493,0.7467539997639059,0.7478775937997636,0.7490448816945183,0.7501935785349682,0.7512359034758236,0.7521798859367409,0.7531012869531618,0.7540258501977155,0.7549564275812558,0.7559001622946453,0.7568230467309384
2,0,1,9,-,1,2,-,1,0, ,1,3,:,5,8,:,5,4
53.0,50.0,51.0,44.0,50.0,48.0,35.0,26.0,20.0,3.0,13.0,3.0,1.0,3.0,1.0,11.0,16.0,16.0,17.0,29.0,44.0,57.0,51.0,30.0,27.0,13.0,23.0,35.0,21.0,21.0,17.0,11.0,16.0,17.0,10.0,29.0,38.0,41.0,41.0,27.0,26.0,13.0,17.0,23.0,26.0,44.0,43.0,38.0,35.0,37.0
0.6989181376608936,0.7003529266698959,0.702007962200685,0.703605217453802,0.7052467422555865,0.7069531948306175,0.708718363752884,0.7105704306918732,0.7124957614840479,0.7143907742470517,0.7162748820578787,0.7181874366740064,0.7200510185749621,0.7215416271883274,0.7227334910275258,0.7238073978690268,0.7247286283609233,0.7255160738162156,0.7262554889673092,0.7269620475856912,0.7276890588642796,0.7285088309005738,0.729405273738959,0.7303386729430954,0.7312722029702893,0.7322112358668693,0.7331777642449427,0.7342020929830241,0.7352917692313687,0.7364073293215277,0.7375183887594907,0.7386404337500326,0.7397724171597144,0.7409403532515879,0.7421374031101605,0.743338483961376,0.744502871694581,0.7456372560865493,0.7467539997639059,0.7478775937997636,0.7490448816945183,0.7501935785349682,0.7512359034758236,0.7521798859367409,0.7531012869531618,0.7540258501977155,0.7549564275812558,0.7559001622946453,0.7568230467309384,0.7577350615843148
2,0,1,9,-,1,2,-,1,0, ,1,3,:,5,8,:,5,5
50.0,51.0,44.0,50.0,48.0,35.0,26.0,20.0,3.0,13.0,3.0,1.0,3.0,1.0,11.0,16.0,16.0,17.0,29.0,44.0,57.0,51.0,30.0,27.0,13.0,23.0,35.0,21.0,21.0,17.0,11.0,16.0,17.0,10.0,29.0,38.0,41.0,41.0,27.0,26.0,13.0,17.0,23.0,26.0,44.0,43.0,38.0,35.0,37.0,40.0
0.7003529266698959,0.702007962200685,0.703605217453802,0.7052467422555865,0.7069531948306175,0.708718363752884,0.7105704306918732,0.7124957614840479,0.7143907742470517,0.7162748820578787,0.7181874366740064,0.7200510185749621,0.7215416271883274,0.7227334910275258,0.7238073978690268,0.7247286283609233,0.7255160738162156,0.7262554889673092,0.7269620475856912,0.7276890588642796,0.7285088309005738,0.729405273738959,0.7303386729430954,0.7312722029702893,0.7322112358668693,0.7331777642449427,0.7342020929830241,0.7352917692313687,0.7364073293215277,0.7375183887594907,0.7386404337500326,0.7397724171597144,0.7409403532515879,0.7421374031101605,0.743338483961376,0.744502871694581,0.7456372560865493,0.7467539997639059,0.7478775937997636,0.7490448816945183,0.7501935785349682,0.7512359034758236,0.7521798859367409,0.7531012869531618,0.7540258501977155,0.7549564275812558,0.7559001622946453,0.7568230467309384,0.7577350615843148,0.7586533028248367
2,0,1,9,-,1,2,-,1,0, ,1,3,:,5,8,:,5,6
51.0,44.0,50.0,48.0,35.0,26.0,20.0,3.0,13.0,3.0,1.0,3.0,1.0,11.0,16.0,16.0,17.0,29.0,44.0,57.0,51.0,30.0,27.0,13.0,23.0,35.0,21.0,21.0,17.0,11.0,16.0,17.0,10.0,29.0,38.0,41.0,41.0,27.0,26.0,13.0,17.0,23.0,26.0,44.0,43.0,38.0,35.0,37.0,40.0,43.0
0.702007962200685,0.703605217453802,0.7052467422555865,0.7069531948306175,0.708718363752884,0.7105704306918732,0.7124957614840479,0.7143907742470517,0.7162748820578787,0.7181874366740064,0.7200510185749621,0.7215416271883274,0.7227334910275258,0.7238073978690268,0.7247286283609233,0.7255160738162156,0.7262554889673092,0.7269620475856912,0.7276890588642796,0.7285088309005738,0.729405273738959,0.7303386729430954,0.7312722029702893,0.7322112358668693,0.7331777642449427,0.7342020929830241,0.7352917692313687,0.7364073293215277,0.7375183887594907,0.7386404337500326,0.7397724171597144,0.7409403532515879,0.7421374031101605,0.743338483961376,0.744502871694581,0.7456372560865493,0.7467539997639059,0.7478775937997636,0.7490448816945183,0.7501935785349682,0.7512359034758236,0.7521798859367409,0.7531012869531618,0.7540258501977155,0.7549564275812558,0.7559001622946453,0.7568230467309384,0.7577350615843148,0.7586533028248367,0.7596284892126828
2,0,1,9,-,1,2,-,1,0, ,1,3,:,5,8,:,5,6
44.0,50.0,48.0,35.0,26.0,20.0,3.0,13.0,3.0,1.0,3.0,1.0,11.0,16.0,16.0,17.0,29.0,44.0,57.0,51.0,30.0,27.0,13.0,23.0,35.0,21.0,21.0,17.0,11.0,16.0,17.0,10.0,29.0,38.0,41.0,41.0,27.0,26.0,13.0,17.0,23.0,26.0,44.0,43.0,38.0,35.0,37.0,40.0,43.0,47.0
0.703605217453802,0.7052467422555865,0.7069531948306175,0.708718363752884,0.7105704306918732,0.7124957614840479,0.7143907742470517,0.7162748820578787,0.7181874366740064,0.7200510185749621,0.7215416271883274,0.7227334910275258,0.7238073978690268,0.7247286283609233,0.7255160738162156,0.7262554889673092,0.7269620475856912,0.7276890588642796,0.7285088309005738,0.729405273738959,0.7303386729430954,0.7312722029702893,0.7322112358668693,0.7331777642449427,0.7342020929830241,0.7352917692313687,0.7364073293215277,0.7375183887594907,0.7386404337500326,0.7397724171597144,0.7409403532515879,0.7421374031101605,0.743338483961376,0.744502871694581,0.7456372560865493,0.7467539997639059,0.7478775937997636,0.7490448816945183,0.7501935785349682,0.7512359034758236,0.7521798859367409,0.7531012869531618,0.7540258501977155,0.7549564275812558,0.7559001622946453,0.7568230467309384,0.7577350615843148,0.7586533028248367,0.7596284892126828,0.7606673679200715
2,0,1,9,-,1,2,-,1,0, ,1,3,:,5,8,:,5,7
44.0,50.0,48.0,35.0,26.0,20.0,3.0,13.0,3.0,1.0,3.0,1.0,11.0,16.0,16.0,17.0,29.0,44.0,57.0,51.0,30.0,27.0,13.0,23.0,35.0,21.0,21.0,17.0,11.0,16.0,17.0,10.0,29.0,38.0,41.0,41.0,27.0,26.0,13.0,17.0,23.0,26.0,44.0,43.0,38.0,35.0,37.0,40.0,43.0,47.0
0.7052467422555865,0.7069531948306175,0.708718363752884,0.7105704306918732,0.7124957614840479,0.7143907742470517,0.7162748820578787,0.7181874366740064,0.7200510185749621,0.7215416271883274,0.7227334910275258,0.7238073978690268,0.7247286283609233,0.7255160738162156,0.7262554889673092,0.7269620475856912,0.7276890588642796,0.7285088309005738,0.729405273738959,0.7303386729430954,0.7312722029702893,0.7322112358668693,0.7331777642449427,0.7342020929830241,0.7352917692313687,0.7364073293215277,0.7375183887594907,0.7386404337500326,0.7397724171597144,0.7409403532515879,0.7421374031101605,0.743338483961376,0.744502871694581,0.7456372560865493,0.7467539997639059,0.7478775937997636,0.7490448816945183,0.7501935785349682,0.7512359034758236,0.7521798859367409,0.7531012869531618,0.7540258501977155,0.7549564275812558,0.7559001622946453,0.7568230467309384,0.7577350615843148,0.7586533028248367,0.7596284892126828,0.7606673679200715,0.761654135039497
2,0,1,9,-,1,2,-,1,0, ,1,3,:,5,8,:,5,8
50.0,48.0,35.0,26.0,20.0,3.0,13.0,3.0,1.0,3.0,1.0,11.0,16.0,16.0,17.0,29.0,44.0,57.0,51.0,30.0,27.0,13.0,23.0,35.0,21.0,21.0,17.0,11.0,16.0,17.0,10.0,29.0,38.0,41.0,41.0,27.0,26.0,13.0,17.0,23.0,26.0,44.0,43.0,38.0,35.0,37.0,40.0,43.0,47.0,43.0
0.7069531948306175,0.708718363752884,0.7105704306918732,0.7124957614840479,0.7143907742470517,0.7162748820578787,0.7181874366740064,0.7200510185749621,0.7215416271883274,0.7227334910275258,0.7238073978690268,0.7247286283609233,0.7255160738162156,0.7262554889673092,0.7269620475856912,0.7276890588642796,0.7285088309005738,0.729405273738959,0.7303386729430954,0.7312722029702893,0.7322112358668693,0.7331777642449427,0.7342020929830241,0.7352917692313687,0.7364073293215277,0.7375183887594907,0.7386404337500326,0.7397724171597144,0.7409403532515879,0.7421374031101605,0.743338483961376,0.744502871694581,0.7456372560865493,0.7467539997639059,0.7478775937997636,0.7490448816945183,0.7501935785349682,0.7512359034758236,0.7521798859367409,0.7531012869531618,0.7540258501977155,0.7549564275812558,0.7559001622946453,0.7568230467309384,0.7577350615843148,0.7586533028248367,0.7596284892126828,0.7606673679200715,0.761654135039497,0.7625351444327457
2,0,1,9,-,1,2,-,1,0, ,1,3,:,5,8,:,5,8
48.0,35.0,26.0,20.0,3.0,13.0,3.0,1.0,3.0,1.0,11.0,16.0,16.0,17.0,29.0,44.0,57.0,51.0,30.0,27.0,13.0,23.0,35.0,21.0,21.0,17.0,11.0,16.0,17.0,10.0,29.0,38.0,41.0,41.0,27.0,26.0,13.0,17.0,23.0,26.0,44.0,43.0,38.0,35.0,37.0,40.0,43.0,47.0,43.0,34.0
0.708718363752884,0.7105704306918732,0.7124957614840479,0.7143907742470517,0.7162748820578787,0.7181874366740064,0.7200510185749621,0.7215416271883274,0.7227334910275258,0.7238073978690268,0.7247286283609233,0.7255160738162156,0.7262554889673092,0.7269620475856912,0.7276890588642796,0.7285088309005738,0.729405273738959,0.7303386729430954,0.7312722029702893,0.7322112358668693,0.7331777642449427,0.7342020929830241,0.7352917692313687,0.7364073293215277,0.7375183887594907,0.7386404337500326,0.7397724171597144,0.7409403532515879,0.7421374031101605,0.743338483961376,0.744502871694581,0.7456372560865493,0.7467539997639059,0.7478775937997636,0.7490448816945183,0.7501935785349682,0.7512359034758236,0.7521798859367409,0.7531012869531618,0.7540258501977155,0.7549564275812558,0.7559001622946453,0.7568230467309384,0.7577350615843148,0.7586533028248367,0.7596284892126828,0.7606673679200715,0.761654135039497,0.7625351444327457,0.7633080748661392
2,0,1,9,-,1,2,-,1,0, ,1,3,:,5,8,:,5,9
48.0,35.0,26.0,20.0,3.0,13.0,3.0,1.0,3.0,1.0,11.0,16.0,16.0,17.0,29.0,44.0,57.0,51.0,30.0,27.0,13.0,23.0,35.0,21.0,21.0,17.0,11.0,16.0,17.0,10.0,29.0,38.0,41.0,41.0,27.0,26.0,13.0,17.0,23.0,26.0,44.0,43.0,38.0,35.0,37.0,40.0,43.0,47.0,43.0,34.0
0.7105704306918732,0.7124957614840479,0.7143907742470517,0.7162748820578787,0.7181874366740064,0.7200510185749621,0.7215416271883274,0.7227334910275258,0.7238073978690268,0.7247286283609233,0.7255160738162156,0.7262554889673092,0.7269620475856912,0.7276890588642796,0.7285088309005738,0.729405273738959,0.7303386729430954,0.7312722029702893,0.7322112358668693,0.7331777642449427,0.7342020929830241,0.7352917692313687,0.7364073293215277,0.7375183887594907,0.7386404337500326,0.7397724171597144,0.7409403532515879,0.7421374031101605,0.743338483961376,0.744502871694581,0.7456372560865493,0.7467539997639059,0.7478775937997636,0.7490448816945183,0.7501935785349682,0.7512359034758236,0.7521798859367409,0.7531012869531618,0.7540258501977155,0.7549564275812558,0.7559001622946453,0.7568230467309384,0.7577350615843148,0.7586533028248367,0.7596284892126828,0.7606673679200715,0.761654135039497,0.7625351444327457,0.7633080748661392,0.7639477846768531
